time,pod-0,pod-1,pod-2
1699999440,10.213301955828102,9.272011125631654,10.52531583706452
1699999500,10.658395301473849,8.634275367942315,9.088474345196378
1699999560,10.0894882822171,9.778630185359493,9.988239189746999
1699999620,9.402869250698494,10.61557858240398,10.544454354800264
1699999680,10.04622148829285,10.789068844877622,10.327256539576432
1699999740,9.398495275981734,10.258125548857748,9.3287821794197
1699999800,10.614915210915091,9.965051862309624,9.870596345518317
1699999860,9.52334931891724,10.855778937071822,9.891829362551839
1699999920,9.700170524485825,9.75350651465824,10.372616429887344
1699999980,10.255810845054855,10.288912828117192,10.301574702105517
1700000040,11.499153320609324,9.715509488530769,9.641430089649925
1700000100,9.430359090226485,10.431185595802846,10.790280604904623
1700000160,9.920236779641588,9.41189046612623,9.422863149016132
1700000220,10.455414951477291,10.52027791984241,10.380207987813636
1700003040,9.534143204897914,10.162512926146704,10.08168006639851
1700003100,10.15308201771031,10.610000144563733,10.156516884142277
1700003160,10.475239494150326,10.047305348642224,10.202383579082989
1700003220,10.441901758086978,8.979990926101033,9.776230148549889
1700003280,9.670739141995043,9.552785506229661,9.80740042414132
1700003340,11.046458917864078,9.39391821901473,10.677794848214036
1700003400,8.821991159868936,9.765580479009957,10.113927145573504
1700003460,10.410355631951495,10.497858605854999,10.555343064639947
1700003520,9.755892449426094,9.676353745134803,10.600583116880008
1700003580,9.86608697258287,9.107019573663454,9.206698950197563
1700003640,9.356383399798872,18.348012520837635,10.099698015249396
1700003700,10.483339747847438,17.700923147564424,10.1109777837537
1700003760,10.437913275777136,17.78345742219583,10.319742666290187
1700003820,9.536651841253343,17.74586230740445,9.73278347420117
1700006640,9.162912248087672,10.340880736549908,9.671418361858093
1700006700,10.00874588310938,10.336522661234136,10.31257182322096
1700006760,10.46576957628095,9.931060160843403,9.703691181569093
1700006820,9.944197252365521,8.81886589622938,8.987021269303838
1700006880,9.074110271351918,9.301927220678962,10.279841958706406
1700006940,9.366164661247957,9.735286212172428,10.909459808450245
1700007000,9.750615220257002,10.51626089792696,9.346467623993085
1700007060,9.85619370949266,9.334984561562592,9.762676846869606
1700007120,10.588215696220177,8.790875703765355,10.3040965504821
1700007180,10.166414921632594,9.584095031012243,8.987759501928082
1700007240,10.05049065539971,9.629355103655339,18.162873347948292
1700007300,10.01529650186641,11.12124522392464,17.832451060768882
1700007360,9.283551755164694,10.125492944469421,18.153997678780236
1700007420,10.951431302668306,10.584577872140205,18.249809741404654
1700010240,11.024312023853692,9.167865861974004,9.552173927075177
1700010300,9.351396841016133,9.727133137790963,9.036319696710583
1700010360,10.444605662770083,9.844444112030859,8.970435593848139
1700010420,9.289094643154721,10.219459693215137,10.586688597526067
1700010480,11.39771162418425,12.039703726205131,10.290086603293197
1700010540,9.307323315977696,8.507567603488084,10.187398023640686
1700010600,9.430941233282772,9.70924991787422,9.571532240658135
1700010660,9.90144637950853,10.74618616155135,10.10993399721174
1700010720,9.888955614072918,9.275042373021932,8.82772193870695
1700010780,9.659584463648669,9.962352214427176,11.237550939505917
1700010840,18.091192165031018,10.68791765771614,9.650493081022594
1700010900,17.170539363508084,9.32441826643734,9.492341754824972
1700010960,19.489928812704616,9.42502932454293,10.586942442615442
1700011020,17.36795097533908,10.652101109011971,10.269465676274104
1700013840,9.890353471639337,9.971466231705197,9.541648613199428
1700013900,10.312250541037457,9.681511563761454,9.142075965362926
1700013960,9.105443697976266,10.120811542405484,11.105363879487305
1700014020,10.111994129501406,9.916953171723081,10.20007829772178
1700014080,10.914201219194776,10.1535677509547,9.712350938416384
1700014140,10.774402097041921,10.30012950692313,11.075029194397194
1700014200,10.128264106055335,9.14287167779565,9.042288560528034
1700014260,11.155649552561874,11.206566004548307,9.87433655070218
1700014320,9.731768875204809,11.023011004569542,9.225068022569559
1700014380,9.373691086730922,10.450328756282332,9.723776413998287
1700014440,9.99641469329595,9.885589971032841,10.236302184159253
1700014500,10.985237302919602,10.063409434831222,10.4507571552938
1700014560,8.564879529278285,9.965897118648918,9.409738810794991
1700014620,9.14683085770346,9.385293343149874,9.766113591509432
1700017440,10.641131779649209,9.071525097582306,10.021442044816093
1700017500,9.661081396666495,9.770628833946628,10.701930477713223
1700017560,10.376680805902748,10.93617867520992,9.89184602452507
1700017620,9.512840171830508,9.84329882818365,10.169747753889855
1700017680,10.123601350917598,9.240928349436643,10.063342847139513
1700017740,10.159759831097233,11.762231826273744,11.31379122789717
1700017800,9.402729654608827,9.798831646915577,8.975590598714097
1700017860,9.58650509022556,10.220923502513239,10.844097534621763
1700017920,9.489641313579474,9.542097491952543,8.496897679182942
1700017980,9.886133855618565,9.256309911698306,9.629392400843749
1700018040,9.386197455282689,9.93401621202321,16.76959012605036
1700018100,8.973068328226306,11.490472978419808,17.09880419310818
1700018160,9.232250095081753,11.28583946982492,20.033547018468283
1700018220,9.17990335982226,9.742225730248379,18.239088885658354
1700021040,11.210088351083915,9.309200045100233,9.828305507840524
1700021100,10.54413630324322,10.304336252126634,9.73669075013893
1700021160,9.906323924838771,9.037572934141012,9.833278379217735
1700021220,9.813528756993732,10.162518922738379,9.61127094682669
1700021280,10.330076965781597,10.70890107247388,10.108800529367926
1700021340,10.246229485879443,10.037208743304507,10.000059075163989
1700021400,9.494909376520006,10.221545983171316,9.931899381110558
1700021460,11.465217816251416,11.101348431732669,10.27009258678955
1700021520,9.465859953213663,9.221311969611607,10.833800067162205
1700021580,10.183924457602997,10.336100382374127,8.778789809118065
1700021640,18.649206937090725,10.318094236750055,9.222698520909866
1700021700,17.669932634785035,10.184602043049564,10.03672675884937
1700021760,17.795480169937512,9.927558212353828,9.82361583525518
1700021820,18.106793758471728,11.030044381095209,8.203339091348091
1700024640,9.83420481484322,10.123558694960712,10.20719579278097
1700024700,9.739659793075097,8.770294752264991,10.229596838599877
1700024760,11.20914514991493,8.926297016558703,10.604679609588732
1700024820,9.770032343813975,9.957072957919808,9.262971042507235
1700024880,9.765880679350886,10.910031216289271,10.407858669391395
1700024940,11.21261812378696,10.824188322284385,10.307360675250703
1700025000,11.220754168317454,10.30729521111681,10.579591723757941
1700025060,9.792400332525704,10.046582071101444,9.511803323689806
1700025120,10.692708754216397,9.175187463819594,10.547645239692363
1700025180,9.866544259746389,10.819872965427123,10.525608292111881
1700025240,11.27445231035276,18.511542283797052,8.899571821042732
1700025300,9.95313277897126,17.17959496518363,9.637204110343609
1700025360,11.057859903293705,18.44627366762839,9.510748699994878
1700025420,9.290397843491721,18.02294746501338,9.14840789543321
1700028240,9.530201805822394,10.218406630085871,10.808718425274687
1700028300,10.426133030557107,8.39609734398133,10.213056710321181
1700028360,10.050423501262804,10.289723199760886,11.131346777155844
1700028420,8.555733206236681,9.586227602366225,10.413634425955347
1700028480,8.892883920382241,11.033164333637457,10.257849628890462
1700028540,10.592608790090383,9.600339436934744,10.569634582976347
1700028600,10.747930089192327,10.163014614096017,10.164080624889086
1700028660,10.189240267497208,9.395658314682432,9.896729923831753
1700028720,9.89323422728335,10.268375705047447,10.699876972837206
1700028780,9.259024742615114,9.912493678776295,11.03701888336128
1700028840,9.479488239831205,9.424424987896776,10.141614334281835
1700028900,10.591069633339725,10.007998238892462,10.930272413305893
1700028960,10.59975578779657,10.589274046823043,10.387881550926865
1700029020,11.62935717024226,9.85638681779377,8.59753439555344
1700031840,11.122978053061999,9.679610398330222,10.075516311040124
1700031900,10.91668547940237,8.878418321258753,9.123846950125703
1700031960,8.879105444016803,9.444104596982204,10.307745624211895
1700032020,10.36693148996894,10.193391925529987,9.011063881275344
1700032080,8.382927594357149,10.038047509773268,9.669756776453164
1700032140,10.321570040201628,10.49136753835489,10.096769002441077
1700032200,10.532093159763097,10.160447961880548,10.371045293921027
1700032260,9.506728715991082,9.874272010317979,10.13774326765987
1700032320,10.574369932792193,9.7243811794428,10.364817079012479
1700032380,9.813912845659235,9.917720482870308,10.58066332941685
1700032440,16.60485774026209,9.092469370347667,8.962470221790026
1700032500,16.366468716106187,9.525214891891377,10.524603729809419
1700032560,17.8005811535322,10.138453057359296,10.762452247697555
1700032620,18.929380292587382,9.951603445691703,10.947510122698578
1700035440,10.064488660903876,9.413821243320777,9.583919753460885
1700035500,8.96362444120449,9.378306302386443,9.749388318347899
1700035560,10.562509513565022,11.20453888181619,9.032472939236072
1700035620,10.274979227781943,9.271619242589725,10.33228796192424
1700035680,9.908239344518591,8.718365921906729,10.64980789409794
1700035740,9.576499501033888,9.626269833138512,9.251173312097217
1700035800,9.542001706318711,10.299523308486442,9.867528961344517
1700035860,10.230063401597736,10.25334529775019,10.924463158869717
1700035920,9.760049694394935,8.966199528207987,10.747055691600387
1700035980,9.767958279531921,10.780214711204163,10.268363979227729
1700036040,9.908203728857659,18.24414312583241,11.365708792088409
1700036100,11.453886370337628,18.048566794592944,10.112133415321953
1700036160,10.75336811022647,17.408037277062856,10.233149260832779
1700036220,9.9818960064323,18.219735748020288,9.416641835835415
1700039040,8.887302754683722,8.548911594806096,9.217831120907274
1700039100,9.678927300542467,9.794765889345866,11.356061813700661
1700039160,10.774195358935108,9.326536218560861,10.24339591671567
1700039220,9.715045234554772,9.800945313371933,10.129727954590768
1700039280,10.433419781882776,9.76251906128119,10.744696072914051
1700039340,9.200643241700318,10.004437343653588,11.818371608617083
1700039400,10.156155819837693,11.003250154624322,10.064064124721245
1700039460,10.406543966730858,9.960251763925116,9.880714693185057
1700039520,9.454362322292207,10.301210951270287,9.403923967569963
1700039580,10.4659096654194,10.759700903112137,10.256571985066062
1700039640,9.799625886511016,10.317775905516088,17.78392886111751
1700039700,10.654882987825605,8.718015741049413,17.76507484231695
1700039760,8.606431603413201,8.953457418840957,18.95470356086974
1700039820,10.62662948738018,9.496363836700647,16.948247580771373
1700042640,7.924829813510844,9.619553144447156,11.694290508573182
1700042700,10.304418990024553,9.608299399765357,10.325556146650214
1700042760,8.90732915290389,9.791873646111656,10.069634231111017
1700042820,9.939729543725266,10.553564285183056,10.241251658365236
1700042880,10.467828212675597,9.518139402438468,10.628470785887384
1700042940,11.140255863336794,9.32089533624401,9.378613040999808
1700043000,10.935049035424163,9.866059209313457,10.98267497444659
1700043060,9.690225001675472,11.018531903389498,10.092040071763817
1700043120,10.180760176325887,11.095302615168933,9.74676066578908
1700043180,9.34121453285253,9.686005054380152,10.316633765450197
1700043240,8.90396864947364,10.446229631855784,9.62286007766758
1700043300,10.803468862513494,8.32401778656967,9.449403957427082
1700043360,8.819472294136128,9.421639373545233,10.17336613077626
1700043420,9.874541362185171,9.82263570173639,9.888570590033957
1700046240,10.14237176843396,9.294024770639824,10.494794748629335
1700046300,10.46386617926984,10.26952655635927,10.389573409925884
1700046360,10.207492600566061,11.424551311911747,9.939034080263243
1700046420,9.785041747165796,9.472530693749835,9.277416130595514
1700046480,9.128869748679246,9.377841880738357,9.95052373284355
1700046540,10.2340065899484,10.035799440986514,9.4641253057992
1700046600,10.630129194813975,10.517588870610663,9.888246184804588
1700046660,9.5429586987347,10.38389954458086,10.131581511240274
1700046720,8.986310918409467,9.952413820810916,10.183425068452067
1700046780,9.370213649458572,10.13289037498621,8.981624260319547
1700046840,10.935330270008519,18.873564989541602,9.823237865987924
1700046900,10.254418036487351,16.31305462394009,9.190556637814266
1700046960,9.79435475589351,17.249506885001196,10.500077537841461
1700047020,11.398107571523596,17.17636969639949,9.413775617140365
1700049840,10.16481385781695,11.127781303949735,9.144337981222067
1700049900,10.17432528561486,11.274909195569176,8.843768596274513
1700049960,9.103251555207917,9.703475375477414,9.635588111001212
1700050020,10.568820901427552,10.169161803874587,8.757526558250511
1700050080,10.360787282030568,9.595722778851044,10.892113051858868
1700050140,9.560688724494156,9.554369301828435,10.378792127563171
1700050200,10.534048537635856,10.313669554755343,8.820081877830635
1700050260,10.376624107949775,9.27598436382792,10.164693278111784
1700050320,9.003385895220658,10.312425503280144,9.435380766984839
1700050380,9.102155744817635,10.49967409553768,10.169151165173727
1700050440,9.570216239024973,11.015825194314745,17.69154330490118
1700050500,10.022475371779654,10.18823941337502,17.56623384610997
1700050560,10.32979540537995,9.626583356984693,17.711853174448656
1700050620,10.953849847862339,9.271589763241296,16.311053768349357
1700053440,11.127655896508326,11.784529566824903,9.716311514185469
1700053500,8.64421337156587,9.78266121666284,9.799643935111531
1700053560,9.86705331128442,9.220628370654707,10.405692799733535
1700053620,10.36715516270026,8.953916066126485,10.48943771218642
1700053680,11.436879487362123,10.120372232705941,9.763872386552046
1700053740,9.900597749914736,10.430679736877993,8.788529876144947
1700053800,10.115073492084111,9.726675235376034,11.293477509069232
1700053860,9.878079086336529,11.167521327783664,9.227381511552595
1700053920,10.411081416761954,10.22358018465386,9.391666926494652
1700053980,10.124177280245858,10.84876318578212,9.77334580699938
1700054040,16.815626145581167,9.987706021465788,9.36830383364524
1700054100,17.760361342935283,9.942888561220416,8.806043448789138
1700054160,16.869039162475524,10.337446784867868,9.634096912681224
1700054220,16.2046789607256,10.549390825625695,10.190658828691967
1700057040,9.500287623174462,9.078218852259232,10.585065527420037
1700057100,10.2445454357923,11.667821597878852,10.294132019107456
1700057160,10.27139219888341,9.883150448924004,10.571743107040554
1700057220,10.437559640873708,10.876207505995637,9.635073956953901
1700057280,9.695214768939227,9.664627780361615,10.553561204825293
1700057340,11.048862108207713,9.67881165479549,9.702658390544837
1700057400,10.21985405670886,9.82796694999097,10.666437557197924
1700057460,8.423755896566668,9.421306467158173,9.452308566226987
1700057520,8.375750791329699,9.325453088941837,9.359390718907852
1700057580,9.85922674183682,10.779076124162184,9.828457544166508
1700057640,9.278430395810192,9.96013182115053,10.734421535008945
1700057700,9.316828828719567,9.362597581254986,10.390984271491956
1700057760,9.84492471898844,10.453239283496632,9.990447245743292
1700057820,10.491164553662697,9.275445320171551,9.991540744448212
1700060640,9.85251698994579,9.14887635312711,8.905565436491917
1700060700,10.480024324692263,9.754333332447416,9.28440380284687
1700060760,9.932674744153667,10.789613200144512,8.403483508239654
1700060820,8.952352917067671,9.353979490673312,11.02282520670423
1700060880,10.197810888043508,10.537122068322859,9.201887356611639
1700060940,9.216324887310632,10.313469601705897,10.040792031654812
1700061000,10.384117173204888,9.868630306350083,10.19470060851824
1700061060,10.110683359433576,10.544437172359448,10.56490579736113
1700061120,8.866089603925762,8.4269120112614,10.701221778356055
1700061180,10.831407565283355,9.285563886340665,8.69811521541806
1700061240,10.06932437470504,10.65158675844537,19.25831616570402
1700061300,10.361408300471016,9.739798312390013,17.374808564890596
1700061360,10.008015904169458,9.790514707280321,17.28945246598983
1700061420,11.4341289556043,11.249617881450492,18.7952340784888
1700064240,9.35540472153361,10.598513527008095,10.44773848664853
1700064300,10.309781936942837,10.874765686930644,10.444759800002894
1700064360,10.518009965413034,10.445834398360548,10.238553985601474
1700064420,8.751472209200072,10.05853475418739,9.610665628805613
1700064480,9.104111329651985,11.177271633510577,11.210296738619991
1700064540,10.951454420206929,10.178649391799112,10.945437584666859
1700064600,10.008437226421277,10.141958093828446,9.234570040676612
1700064660,10.277893913149189,10.042270149897092,9.088143518215874
1700064720,9.964162021728383,9.944189305300235,11.258292816651249
1700064780,10.625949329959386,10.008011807364026,10.174151116860758
1700064840,18.03094866467294,9.857960210643117,9.2423009618282
1700064900,17.89426368567515,9.477731220343241,9.124779122753797
1700064960,18.357855270183272,10.273885261953264,8.749304742042346
1700065020,17.91412075375341,10.696990970129946,10.741456617227424
1700067840,10.718085790019668,10.027239244831021,9.408468270421594
1700067900,9.241410820849358,10.241223433325251,10.265496024055613
1700067960,10.901131778123546,10.769985755239459,9.90743994042818
1700068020,9.129055884797392,9.776625382092371,10.152061836367368
1700068080,9.858541728227417,9.59547412434564,10.177019370478929
1700068140,9.647229581012573,9.560353741392237,10.218016984012408
1700068200,9.718605193909557,10.170873072284847,10.191242815996485
1700068260,9.202399699235897,9.66313121329421,11.006443857941523
1700068320,9.186544341085998,8.518341885720629,8.696708392730242
1700068380,10.020376962603669,10.021642094622889,9.917672401202415
1700068440,10.849932880249952,16.129015896827944,10.277153712101576
1700068500,11.093006741262501,17.210553464575803,9.734135441747073
1700068560,9.472975657939966,17.37395776774573,9.771616596483872
1700068620,10.999239698579153,19.286170672841266,9.764842542471897
1700071440,11.33354214984513,10.024903533889237,11.227583718690756
1700071500,9.934690945242556,10.091740478232301,10.255832130849985
1700071560,12.225197575557274,10.595899902391352,9.504914829033975
1700071620,10.6782985091931,9.74671722404096,9.657174871969154
1700071680,10.636020951924477,10.021759911439807,10.195003140158263
1700071740,10.009789655305704,10.235608188623804,10.297476128205304
1700071800,8.64412314710621,10.466600868026674,9.31258640611879
1700071860,8.990390605108413,9.959112129298923,10.058786702320118
1700071920,9.514545684799403,10.581722300367582,9.060477383540364
1700071980,9.71513937585921,9.5905881055469,9.967388910762462
1700072040,10.195204999253066,9.29447493526352,10.50699787421936
1700072100,10.04410165783429,8.675637622681663,8.628985991722079
1700072160,9.991376494949483,9.845322877549552,9.927605920497756
1700072220,9.980412280428848,10.157891887657126,10.66335472689381
1700075040,9.222226569357709,9.179619884969444,9.234673299478832
1700075100,10.202241667018095,10.871463165052512,9.698062393232343
1700075160,8.248810109088241,8.807204996172738,9.416874294042792
1700075220,9.60958977875335,9.714127960921692,10.027006786086641
1700075280,9.781777568424287,10.734537727380385,9.526787886023042
1700075340,9.39637742836712,10.335212876964324,8.925050551051717
1700075400,10.272784193724002,10.071787228608386,9.896790257057283
1700075460,11.111793275004484,9.564454788293698,11.442208719366855
1700075520,9.84219798554033,9.10608848852084,10.048943706696377
1700075580,9.246628359776862,9.47377090653055,10.277923310010843
1700075640,18.388907462055087,9.564482609822019,10.69118360153248
1700075700,18.810255430614795,11.005411229594303,10.370589384988005
1700075760,18.95440009845999,8.68344110041816,9.777465415960076
1700075820,17.3930963205736,10.083458102789175,9.599985546562284
1700078640,9.883689510635188,11.317522416142834,9.881196142505734
1700078700,10.289654622033149,9.837411469053036,10.052999301569784
1700078760,10.00421167630525,10.313826846181211,10.815715274883024
1700078820,11.15317579832233,10.216734057336417,10.412682820224921
1700078880,9.194394843570104,9.938486280309066,10.658202625418513
1700078940,10.606178046892007,10.148126812956535,10.620475771697567
1700079000,10.343536696295674,10.840214380781525,10.202551409869978
1700079060,9.751011179100276,10.235088879853116,7.9485839369030575
1700079120,10.268020015469535,7.446111022349651,8.793575614816207
1700079180,10.31623802065869,10.334270536086757,9.18629985390205
1700079240,9.501528570684743,18.959378692029894,9.661178907899126
1700079300,11.570044218682089,17.998656102776557,10.285625323816888
1700079360,11.131812078949025,18.091718981335394,9.29835921351644
1700079420,9.923190783813997,17.97507248466694,9.044680843458904
1700082240,9.820917550061424,9.480465534201794,10.647050430031204
1700082300,10.02422831192968,9.8020429755967,9.925672648564197
1700082360,10.156185412884316,10.431769939782846,9.300201439931433
1700082420,9.27088865716511,10.773275450781771,9.711364189456688
1700082480,9.008210535182188,10.310668896568174,10.32435886422288
1700082540,8.928499319920306,10.160637200824524,10.514908164699861
1700082600,10.262070516194385,10.442387038632976,9.017011631336477
1700082660,10.231728108497338,9.788166168370687,9.662046888892748
1700082720,10.609388926593809,11.03549215747196,11.25605903822025
1700082780,10.920365510054133,9.923186072858872,10.24690411411844
1700082840,10.536776010248971,10.084824564509624,18.09153493153808
1700082900,10.576627192313328,9.958502147781848,17.489499144538435
1700082960,9.7098688539149,10.44373726441362,18.00209530383997
1700083020,10.238146983807837,10.469055469541534,17.737610975971673
1700085840,10.529373714540863,10.265189822420876,9.135630839161966
1700085900,11.009613353830371,9.649478679370159,8.84143325977037
1700085960,9.268469403289588,9.285268387525175,10.036521323060274
1700086020,9.808304646117634,9.764217622651586,10.433791375837735
1700086080,10.237912752834893,10.221233509451,10.286879920130085
1700086140,10.431294267601567,8.52443266075579,9.744893223414877
1700086200,8.473852954857367,10.025241948758456,9.996756919442959
1700086260,10.731872592352776,10.831344074904784,10.141942533776657
1700086320,9.64974724582217,10.339612778782016,9.63045765387298
1700086380,9.999025143989655,10.690295421872538,9.609560057807403
1700086440,10.56397504746975,10.474180958084611,9.331645728008425
1700086500,10.681725889752181,10.488996441760053,10.07134812116086
1700086560,9.466373579380644,9.3985557869971,9.623636196167885
1700086620,10.379816124304371,9.331062382819022,10.306258574033908
1700089440,9.130771129785126,9.857151990892806,10.076753428201807
1700089500,11.711591101541241,9.035879041135743,11.030410196543093
1700089560,10.104889689791095,10.287820342611175,10.082843539371742
1700089620,10.311308772736663,9.892420426946588,11.01783512702022
1700089680,9.680470199042695,10.792564200525474,9.548943015850885
1700089740,9.957823707519099,9.249626213396846,10.318516604243264
1700089800,11.011588169848574,9.945850674125403,9.862180010907263
1700089860,9.21976812585245,9.839495142513384,8.88504401819493
1700089920,9.360985409296822,10.158750232276395,10.923309238418977
1700089980,11.966447602860653,9.58939044045037,11.004710109651807
1700090040,10.170626736281154,17.894126647277538,10.302816116208307
1700090100,10.043341538575971,18.07727700792855,9.714166786021332
1700090160,9.021323238140806,16.919462358234544,10.457271418296859
1700090220,9.80630993694,17.582737770240684,10.005953938706208
1700093040,10.55645257704094,10.12625476011848,9.540761544351323
1700093100,10.858405068954264,11.105429852087143,10.346189658725997
1700093160,10.681564457940864,10.869371997769667,10.79106952148316
1700093220,10.429869423978836,10.418842932952417,10.363762401342552
1700093280,9.23186362781707,10.49050620980171,9.050930220211413
1700093340,9.443780381412461,10.912495547465662,10.588154113885938
1700093400,11.041178802780104,9.809827931418896,9.193425811106263
1700093460,9.83169396205076,10.071421908068402,10.055292101438006
1700093520,10.793576335129691,9.747110702497588,10.246424130262048
1700093580,9.307960995395776,10.31522209463067,10.002175985129945
1700093640,9.475130663200838,9.834919446477603,17.871076977439344
1700093700,9.810891409464032,11.239938869587379,17.931087798384482
1700093760,9.829272722875864,8.5317843296729,17.374054853614368
1700093820,9.815848602880553,9.51990312667635,18.967195315364457
1700096640,9.884543557222647,10.901910974522776,10.043193243835258
1700096700,10.026059485495104,9.93784248660125,10.002657376135021
1700096760,11.203156502134902,8.376272491274147,8.598917978892924
1700096820,9.61978041826072,10.010169517356298,10.483073097334808
1700096880,10.331161038619232,9.7310278609836,10.713330585269233
1700096940,10.721136782206912,10.128840481890096,10.673860300740788
1700097000,10.19085168440249,9.606961881251982,10.488471787300004
1700097060,10.077429185805075,10.00093789272814,11.031067500532702
1700097120,8.28438951002194,9.0076210808883,9.169050701537941
1700097180,9.745717546701837,9.82177428116378,8.944872046558867
1700097240,17.31038937738242,9.3974108250335,11.720196864453124
1700097300,19.261219363423002,9.711775407620745,9.74549169678524
1700097360,17.195557201968192,8.664308710742313,9.918183869514033
1700097420,17.30150361172918,9.940604627836594,8.879855905669565
1700100240,9.46661787918282,10.10403896671198,10.256346718448755
1700100300,10.29223037111941,9.075657711090074,10.598280011094893
1700100360,9.439851812378706,10.443000540225114,9.992552926367265
1700100420,9.036528750645436,9.778661606793168,10.255754619444637
1700100480,10.42907576633222,9.901308471788907,11.072245223420737
1700100540,10.70525753969059,9.820342118520173,10.525085268495861
1700100600,11.35365543963173,11.372339220548119,9.140400083424252
1700100660,9.351426822189994,11.039443150713696,9.259203264413653
1700100720,9.074221206695825,9.659664108510666,10.29415869663221
1700100780,9.928322305372232,9.544605465716085,9.528051276792844
1700100840,9.501364054911104,9.38434325993874,11.597143014093243
1700100900,10.208257749829889,10.620731338083317,9.657645772316753
1700100960,9.869830325969765,9.500512213040752,8.143804165556558
1700101020,9.035393506206495,8.732566924013724,8.425151355433876
1700103840,9.163248717991328,10.927468975567141,9.968894682606951
1700103900,10.903394633624822,10.287687803830613,10.547791178000612
1700103960,9.369372103286798,10.36676566793487,10.510099963852042
1700104020,9.596346895436415,10.391678259431316,10.396331431002382
1700104080,9.615313165208942,9.214062097410304,9.171110167671209
1700104140,10.060553879345024,10.22890690815252,9.44523191867946
1700104200,10.01860973892827,10.39937592529694,10.43273350026571
1700104260,11.086316084085741,10.89388658253863,9.299095997070419
1700104320,11.178510346676616,9.628316446811,10.7314109687181
1700104380,10.047590638235762,9.711495435080122,8.734612198157548
1700104440,9.879904842848557,8.908431735286074,18.67710946508994
1700104500,11.061754859997473,9.442162307492318,18.21137951976349
1700104560,9.492225934594417,9.560060688904247,18.54214629270576
1700104620,9.973023216709612,11.217753629351709,17.662437264907958
