algorithm,params,seed,validation_f1,fit_and_validation_seconds
stat_mad,"{""context_weight"": 0.0}",42,0.8131868131868132,0.007764099980704486
stat_mad,"{""context_weight"": 0.0}",123,0.8131868131868132,0.00577550008893013
stat_mad,"{""context_weight"": 0.3}",42,0.8131868131868132,0.0026783000212162733
stat_mad,"{""context_weight"": 0.3}",123,0.8131868131868132,0.002695400035008788
stat_ewma,"{""context_weight"": 0.0}",42,0.8222222222222222,0.10046960006002337
stat_ewma,"{""context_weight"": 0.0}",123,0.8222222222222222,0.11091889999806881
stat_ewma,"{""context_weight"": 0.3}",42,0.8222222222222222,0.07827629998791963
stat_ewma,"{""context_weight"": 0.3}",123,0.8222222222222222,0.08422540000174195
ml_logistic,"{""lr"": 0.02, ""epochs"": 80, ""l2"": 0.001}",42,0.8275862068965517,0.10086869995575398
ml_logistic,"{""lr"": 0.02, ""epochs"": 80, ""l2"": 0.001}",123,0.8205128205128205,0.06499129999428988
ml_logistic,"{""lr"": 0.02, ""epochs"": 80, ""l2"": 0.03}",42,0.8288288288288289,0.14153700007591397
ml_logistic,"{""lr"": 0.02, ""epochs"": 80, ""l2"": 0.03}",123,0.8275862068965517,0.13975490001030266
ml_pca,"{""components"": 2}",42,0.6762589928057554,0.08768270001746714
ml_pca,"{""components"": 2}",123,0.6762589928057554,0.08031620003748685
ml_pca,"{""components"": 4}",42,0.6713286713286714,0.11583279992919415
ml_pca,"{""components"": 4}",123,0.6713286713286714,0.08952090004459023
dl_mlp,"{""hidden"": [16, 8], ""lr"": 0.01, ""epochs"": 80, ""l2"": 0.001}",42,0.7796610169491525,0.17722740001045167
dl_mlp,"{""hidden"": [16, 8], ""lr"": 0.01, ""epochs"": 80, ""l2"": 0.001}",123,0.8205128205128205,0.1487848999677226
dl_mlp,"{""hidden"": [32, 16], ""lr"": 0.005, ""epochs"": 80, ""l2"": 0.01}",42,0.8571428571428572,0.10960990004241467
dl_mlp,"{""hidden"": [32, 16], ""lr"": 0.005, ""epochs"": 80, ""l2"": 0.01}",123,0.8785046728971962,0.12264529999811202
dl_autoencoder,"{""hidden"": [16, 4, 16], ""lr"": 0.005, ""epochs"": 80}",42,0.6762589928057554,0.12959919997956604
dl_autoencoder,"{""hidden"": [16, 4, 16], ""lr"": 0.005, ""epochs"": 80}",123,0.6762589928057554,0.11676080001052469
dl_autoencoder,"{""hidden"": [24, 8, 24], ""lr"": 0.005, ""epochs"": 80}",42,0.6814814814814815,0.1042678999947384
dl_autoencoder,"{""hidden"": [24, 8, 24], ""lr"": 0.005, ""epochs"": 80}",123,0.676056338028169,0.09520949993748218
