timestamp,cmdb_id,kpi_name,value
1699999440,pod-0,cpu_usage,10.213301955828102
1699999440,pod-1,cpu_usage,9.272011125631654
1699999440,pod-2,cpu_usage,10.52531583706452
1699999500,pod-0,cpu_usage,10.658395301473849
1699999500,pod-1,cpu_usage,8.634275367942315
1699999500,pod-2,cpu_usage,9.088474345196378
1699999560,pod-0,cpu_usage,10.0894882822171
1699999560,pod-1,cpu_usage,9.778630185359493
1699999560,pod-2,cpu_usage,9.988239189746999
1699999620,pod-0,cpu_usage,9.402869250698494
1699999620,pod-1,cpu_usage,10.61557858240398
1699999620,pod-2,cpu_usage,10.544454354800264
1699999680,pod-0,cpu_usage,10.04622148829285
1699999680,pod-1,cpu_usage,10.789068844877622
1699999680,pod-2,cpu_usage,10.327256539576432
1699999740,pod-0,cpu_usage,9.398495275981734
1699999740,pod-1,cpu_usage,10.258125548857748
1699999740,pod-2,cpu_usage,9.3287821794197
1699999800,pod-0,cpu_usage,10.614915210915091
1699999800,pod-1,cpu_usage,9.965051862309624
1699999800,pod-2,cpu_usage,9.870596345518317
1699999860,pod-0,cpu_usage,9.52334931891724
1699999860,pod-1,cpu_usage,10.855778937071822
1699999860,pod-2,cpu_usage,9.891829362551839
1699999920,pod-0,cpu_usage,9.700170524485825
1699999920,pod-1,cpu_usage,9.75350651465824
1699999920,pod-2,cpu_usage,10.372616429887344
1699999980,pod-0,cpu_usage,10.255810845054855
1699999980,pod-1,cpu_usage,10.288912828117192
1699999980,pod-2,cpu_usage,10.301574702105517
1700000040,pod-0,cpu_usage,11.499153320609324
1700000040,pod-1,cpu_usage,9.715509488530769
1700000040,pod-2,cpu_usage,9.641430089649925
1700000100,pod-0,cpu_usage,9.430359090226485
1700000100,pod-1,cpu_usage,10.431185595802846
1700000100,pod-2,cpu_usage,10.790280604904623
1700000160,pod-0,cpu_usage,9.920236779641588
1700000160,pod-1,cpu_usage,9.41189046612623
1700000160,pod-2,cpu_usage,9.422863149016132
1700000220,pod-0,cpu_usage,10.455414951477291
1700000220,pod-1,cpu_usage,10.52027791984241
1700000220,pod-2,cpu_usage,10.380207987813636
1700003040,pod-0,cpu_usage,9.534143204897914
1700003040,pod-1,cpu_usage,10.162512926146704
1700003040,pod-2,cpu_usage,10.08168006639851
1700003100,pod-0,cpu_usage,10.15308201771031
1700003100,pod-1,cpu_usage,10.610000144563733
1700003100,pod-2,cpu_usage,10.156516884142277
1700003160,pod-0,cpu_usage,10.475239494150326
1700003160,pod-1,cpu_usage,10.047305348642224
1700003160,pod-2,cpu_usage,10.202383579082989
1700003220,pod-0,cpu_usage,10.441901758086978
1700003220,pod-1,cpu_usage,8.979990926101033
1700003220,pod-2,cpu_usage,9.776230148549889
1700003280,pod-0,cpu_usage,9.670739141995043
1700003280,pod-1,cpu_usage,9.552785506229661
1700003280,pod-2,cpu_usage,9.80740042414132
1700003340,pod-0,cpu_usage,11.046458917864078
1700003340,pod-1,cpu_usage,9.39391821901473
1700003340,pod-2,cpu_usage,10.677794848214036
1700003400,pod-0,cpu_usage,8.821991159868936
1700003400,pod-1,cpu_usage,9.765580479009957
1700003400,pod-2,cpu_usage,10.113927145573504
1700003460,pod-0,cpu_usage,10.410355631951495
1700003460,pod-1,cpu_usage,10.497858605854999
1700003460,pod-2,cpu_usage,10.555343064639947
1700003520,pod-0,cpu_usage,9.755892449426094
1700003520,pod-1,cpu_usage,9.676353745134803
1700003520,pod-2,cpu_usage,10.600583116880008
1700003580,pod-0,cpu_usage,9.86608697258287
1700003580,pod-1,cpu_usage,9.107019573663454
1700003580,pod-2,cpu_usage,9.206698950197563
1700003640,pod-0,cpu_usage,9.356383399798872
1700003640,pod-1,cpu_usage,18.348012520837635
1700003640,pod-2,cpu_usage,10.099698015249396
1700003700,pod-0,cpu_usage,10.483339747847438
1700003700,pod-1,cpu_usage,17.700923147564424
1700003700,pod-2,cpu_usage,10.1109777837537
1700003760,pod-0,cpu_usage,10.437913275777136
1700003760,pod-1,cpu_usage,17.78345742219583
1700003760,pod-2,cpu_usage,10.319742666290187
1700003820,pod-0,cpu_usage,9.536651841253343
1700003820,pod-1,cpu_usage,17.74586230740445
1700003820,pod-2,cpu_usage,9.73278347420117
1700006640,pod-0,cpu_usage,9.162912248087672
1700006640,pod-1,cpu_usage,10.340880736549908
1700006640,pod-2,cpu_usage,9.671418361858093
1700006700,pod-0,cpu_usage,10.00874588310938
1700006700,pod-1,cpu_usage,10.336522661234136
1700006700,pod-2,cpu_usage,10.31257182322096
1700006760,pod-0,cpu_usage,10.46576957628095
1700006760,pod-1,cpu_usage,9.931060160843403
1700006760,pod-2,cpu_usage,9.703691181569093
1700006820,pod-0,cpu_usage,9.944197252365521
1700006820,pod-1,cpu_usage,8.81886589622938
1700006820,pod-2,cpu_usage,8.987021269303838
1700006880,pod-0,cpu_usage,9.074110271351918
1700006880,pod-1,cpu_usage,9.301927220678962
1700006880,pod-2,cpu_usage,10.279841958706406
1700006940,pod-0,cpu_usage,9.366164661247957
1700006940,pod-1,cpu_usage,9.735286212172428
1700006940,pod-2,cpu_usage,10.909459808450245
1700007000,pod-0,cpu_usage,9.750615220257002
1700007000,pod-1,cpu_usage,10.51626089792696
1700007000,pod-2,cpu_usage,9.346467623993085
1700007060,pod-0,cpu_usage,9.85619370949266
1700007060,pod-1,cpu_usage,9.334984561562592
1700007060,pod-2,cpu_usage,9.762676846869606
1700007120,pod-0,cpu_usage,10.588215696220177
1700007120,pod-1,cpu_usage,8.790875703765355
1700007120,pod-2,cpu_usage,10.3040965504821
1700007180,pod-0,cpu_usage,10.166414921632594
1700007180,pod-1,cpu_usage,9.584095031012243
1700007180,pod-2,cpu_usage,8.987759501928082
1700007240,pod-0,cpu_usage,10.05049065539971
1700007240,pod-1,cpu_usage,9.629355103655339
1700007240,pod-2,cpu_usage,18.162873347948292
1700007300,pod-0,cpu_usage,10.01529650186641
1700007300,pod-1,cpu_usage,11.12124522392464
1700007300,pod-2,cpu_usage,17.832451060768882
1700007360,pod-0,cpu_usage,9.283551755164694
1700007360,pod-1,cpu_usage,10.125492944469421
1700007360,pod-2,cpu_usage,18.153997678780236
1700007420,pod-0,cpu_usage,10.951431302668306
1700007420,pod-1,cpu_usage,10.584577872140205
1700007420,pod-2,cpu_usage,18.249809741404654
1700010240,pod-0,cpu_usage,11.024312023853692
1700010240,pod-1,cpu_usage,9.167865861974004
1700010240,pod-2,cpu_usage,9.552173927075177
1700010300,pod-0,cpu_usage,9.351396841016133
1700010300,pod-1,cpu_usage,9.727133137790963
1700010300,pod-2,cpu_usage,9.036319696710583
1700010360,pod-0,cpu_usage,10.444605662770083
1700010360,pod-1,cpu_usage,9.844444112030859
1700010360,pod-2,cpu_usage,8.970435593848139
1700010420,pod-0,cpu_usage,9.289094643154721
1700010420,pod-1,cpu_usage,10.219459693215137
1700010420,pod-2,cpu_usage,10.586688597526067
1700010480,pod-0,cpu_usage,11.39771162418425
1700010480,pod-1,cpu_usage,12.039703726205131
1700010480,pod-2,cpu_usage,10.290086603293197
1700010540,pod-0,cpu_usage,9.307323315977696
1700010540,pod-1,cpu_usage,8.507567603488084
1700010540,pod-2,cpu_usage,10.187398023640686
1700010600,pod-0,cpu_usage,9.430941233282772
1700010600,pod-1,cpu_usage,9.70924991787422
1700010600,pod-2,cpu_usage,9.571532240658135
1700010660,pod-0,cpu_usage,9.90144637950853
1700010660,pod-1,cpu_usage,10.74618616155135
1700010660,pod-2,cpu_usage,10.10993399721174
1700010720,pod-0,cpu_usage,9.888955614072918
1700010720,pod-1,cpu_usage,9.275042373021932
1700010720,pod-2,cpu_usage,8.82772193870695
1700010780,pod-0,cpu_usage,9.659584463648669
1700010780,pod-1,cpu_usage,9.962352214427176
1700010780,pod-2,cpu_usage,11.237550939505917
1700010840,pod-0,cpu_usage,18.091192165031018
1700010840,pod-1,cpu_usage,10.68791765771614
1700010840,pod-2,cpu_usage,9.650493081022594
1700010900,pod-0,cpu_usage,17.170539363508084
1700010900,pod-1,cpu_usage,9.32441826643734
1700010900,pod-2,cpu_usage,9.492341754824972
1700010960,pod-0,cpu_usage,19.489928812704616
1700010960,pod-1,cpu_usage,9.42502932454293
1700010960,pod-2,cpu_usage,10.586942442615442
1700011020,pod-0,cpu_usage,17.36795097533908
1700011020,pod-1,cpu_usage,10.652101109011971
1700011020,pod-2,cpu_usage,10.269465676274104
1700013840,pod-0,cpu_usage,9.890353471639337
1700013840,pod-1,cpu_usage,9.971466231705197
1700013840,pod-2,cpu_usage,9.541648613199428
1700013900,pod-0,cpu_usage,10.312250541037457
1700013900,pod-1,cpu_usage,9.681511563761454
1700013900,pod-2,cpu_usage,9.142075965362926
1700013960,pod-0,cpu_usage,9.105443697976266
1700013960,pod-1,cpu_usage,10.120811542405484
1700013960,pod-2,cpu_usage,11.105363879487305
1700014020,pod-0,cpu_usage,10.111994129501406
1700014020,pod-1,cpu_usage,9.916953171723081
1700014020,pod-2,cpu_usage,10.20007829772178
1700014080,pod-0,cpu_usage,10.914201219194776
1700014080,pod-1,cpu_usage,10.1535677509547
1700014080,pod-2,cpu_usage,9.712350938416384
1700014140,pod-0,cpu_usage,10.774402097041921
1700014140,pod-1,cpu_usage,10.30012950692313
1700014140,pod-2,cpu_usage,11.075029194397194
1700014200,pod-0,cpu_usage,10.128264106055335
1700014200,pod-1,cpu_usage,9.14287167779565
1700014200,pod-2,cpu_usage,9.042288560528034
1700014260,pod-0,cpu_usage,11.155649552561874
1700014260,pod-1,cpu_usage,11.206566004548307
1700014260,pod-2,cpu_usage,9.87433655070218
1700014320,pod-0,cpu_usage,9.731768875204809
1700014320,pod-1,cpu_usage,11.023011004569542
1700014320,pod-2,cpu_usage,9.225068022569559
1700014380,pod-0,cpu_usage,9.373691086730922
1700014380,pod-1,cpu_usage,10.450328756282332
1700014380,pod-2,cpu_usage,9.723776413998287
1700014440,pod-0,cpu_usage,9.99641469329595
1700014440,pod-1,cpu_usage,9.885589971032841
1700014440,pod-2,cpu_usage,10.236302184159253
1700014500,pod-0,cpu_usage,10.985237302919602
1700014500,pod-1,cpu_usage,10.063409434831222
1700014500,pod-2,cpu_usage,10.4507571552938
1700014560,pod-0,cpu_usage,8.564879529278285
1700014560,pod-1,cpu_usage,9.965897118648918
1700014560,pod-2,cpu_usage,9.409738810794991
1700014620,pod-0,cpu_usage,9.14683085770346
1700014620,pod-1,cpu_usage,9.385293343149874
1700014620,pod-2,cpu_usage,9.766113591509432
1700017440,pod-0,cpu_usage,10.641131779649209
1700017440,pod-1,cpu_usage,9.071525097582306
1700017440,pod-2,cpu_usage,10.021442044816093
1700017500,pod-0,cpu_usage,9.661081396666495
1700017500,pod-1,cpu_usage,9.770628833946628
1700017500,pod-2,cpu_usage,10.701930477713223
1700017560,pod-0,cpu_usage,10.376680805902748
1700017560,pod-1,cpu_usage,10.93617867520992
1700017560,pod-2,cpu_usage,9.89184602452507
1700017620,pod-0,cpu_usage,9.512840171830508
1700017620,pod-1,cpu_usage,9.84329882818365
1700017620,pod-2,cpu_usage,10.169747753889855
1700017680,pod-0,cpu_usage,10.123601350917598
1700017680,pod-1,cpu_usage,9.240928349436643
1700017680,pod-2,cpu_usage,10.063342847139513
1700017740,pod-0,cpu_usage,10.159759831097233
1700017740,pod-1,cpu_usage,11.762231826273744
1700017740,pod-2,cpu_usage,11.31379122789717
1700017800,pod-0,cpu_usage,9.402729654608827
1700017800,pod-1,cpu_usage,9.798831646915577
1700017800,pod-2,cpu_usage,8.975590598714097
1700017860,pod-0,cpu_usage,9.58650509022556
1700017860,pod-1,cpu_usage,10.220923502513239
1700017860,pod-2,cpu_usage,10.844097534621763
1700017920,pod-0,cpu_usage,9.489641313579474
1700017920,pod-1,cpu_usage,9.542097491952543
1700017920,pod-2,cpu_usage,8.496897679182942
1700017980,pod-0,cpu_usage,9.886133855618565
1700017980,pod-1,cpu_usage,9.256309911698306
1700017980,pod-2,cpu_usage,9.629392400843749
1700018040,pod-0,cpu_usage,9.386197455282689
1700018040,pod-1,cpu_usage,9.93401621202321
1700018040,pod-2,cpu_usage,16.76959012605036
1700018100,pod-0,cpu_usage,8.973068328226306
1700018100,pod-1,cpu_usage,11.490472978419808
1700018100,pod-2,cpu_usage,17.09880419310818
1700018160,pod-0,cpu_usage,9.232250095081753
1700018160,pod-1,cpu_usage,11.28583946982492
1700018160,pod-2,cpu_usage,20.033547018468283
1700018220,pod-0,cpu_usage,9.17990335982226
1700018220,pod-1,cpu_usage,9.742225730248379
1700018220,pod-2,cpu_usage,18.239088885658354
1700021040,pod-0,cpu_usage,11.210088351083915
1700021040,pod-1,cpu_usage,9.309200045100233
1700021040,pod-2,cpu_usage,9.828305507840524
1700021100,pod-0,cpu_usage,10.54413630324322
1700021100,pod-1,cpu_usage,10.304336252126634
1700021100,pod-2,cpu_usage,9.73669075013893
1700021160,pod-0,cpu_usage,9.906323924838771
1700021160,pod-1,cpu_usage,9.037572934141012
1700021160,pod-2,cpu_usage,9.833278379217735
1700021220,pod-0,cpu_usage,9.813528756993732
1700021220,pod-1,cpu_usage,10.162518922738379
1700021220,pod-2,cpu_usage,9.61127094682669
1700021280,pod-0,cpu_usage,10.330076965781597
1700021280,pod-1,cpu_usage,10.70890107247388
1700021280,pod-2,cpu_usage,10.108800529367926
1700021340,pod-0,cpu_usage,10.246229485879443
1700021340,pod-1,cpu_usage,10.037208743304507
1700021340,pod-2,cpu_usage,10.000059075163989
1700021400,pod-0,cpu_usage,9.494909376520006
1700021400,pod-1,cpu_usage,10.221545983171316
1700021400,pod-2,cpu_usage,9.931899381110558
1700021460,pod-0,cpu_usage,11.465217816251416
1700021460,pod-1,cpu_usage,11.101348431732669
1700021460,pod-2,cpu_usage,10.27009258678955
1700021520,pod-0,cpu_usage,9.465859953213663
1700021520,pod-1,cpu_usage,9.221311969611607
1700021520,pod-2,cpu_usage,10.833800067162205
1700021580,pod-0,cpu_usage,10.183924457602997
1700021580,pod-1,cpu_usage,10.336100382374127
1700021580,pod-2,cpu_usage,8.778789809118065
1700021640,pod-0,cpu_usage,18.649206937090725
1700021640,pod-1,cpu_usage,10.318094236750055
1700021640,pod-2,cpu_usage,9.222698520909866
1700021700,pod-0,cpu_usage,17.669932634785035
1700021700,pod-1,cpu_usage,10.184602043049564
1700021700,pod-2,cpu_usage,10.03672675884937
1700021760,pod-0,cpu_usage,17.795480169937512
1700021760,pod-1,cpu_usage,9.927558212353828
1700021760,pod-2,cpu_usage,9.82361583525518
1700021820,pod-0,cpu_usage,18.106793758471728
1700021820,pod-1,cpu_usage,11.030044381095209
1700021820,pod-2,cpu_usage,8.203339091348091
1700024640,pod-0,cpu_usage,9.83420481484322
1700024640,pod-1,cpu_usage,10.123558694960712
1700024640,pod-2,cpu_usage,10.20719579278097
1700024700,pod-0,cpu_usage,9.739659793075097
1700024700,pod-1,cpu_usage,8.770294752264991
1700024700,pod-2,cpu_usage,10.229596838599877
1700024760,pod-0,cpu_usage,11.20914514991493
1700024760,pod-1,cpu_usage,8.926297016558703
1700024760,pod-2,cpu_usage,10.604679609588732
1700024820,pod-0,cpu_usage,9.770032343813975
1700024820,pod-1,cpu_usage,9.957072957919808
1700024820,pod-2,cpu_usage,9.262971042507235
1700024880,pod-0,cpu_usage,9.765880679350886
1700024880,pod-1,cpu_usage,10.910031216289271
1700024880,pod-2,cpu_usage,10.407858669391395
1700024940,pod-0,cpu_usage,11.21261812378696
1700024940,pod-1,cpu_usage,10.824188322284385
1700024940,pod-2,cpu_usage,10.307360675250703
1700025000,pod-0,cpu_usage,11.220754168317454
1700025000,pod-1,cpu_usage,10.30729521111681
1700025000,pod-2,cpu_usage,10.579591723757941
1700025060,pod-0,cpu_usage,9.792400332525704
1700025060,pod-1,cpu_usage,10.046582071101444
1700025060,pod-2,cpu_usage,9.511803323689806
1700025120,pod-0,cpu_usage,10.692708754216397
1700025120,pod-1,cpu_usage,9.175187463819594
1700025120,pod-2,cpu_usage,10.547645239692363
1700025180,pod-0,cpu_usage,9.866544259746389
1700025180,pod-1,cpu_usage,10.819872965427123
1700025180,pod-2,cpu_usage,10.525608292111881
1700025240,pod-0,cpu_usage,11.27445231035276
1700025240,pod-1,cpu_usage,18.511542283797052
1700025240,pod-2,cpu_usage,8.899571821042732
1700025300,pod-0,cpu_usage,9.95313277897126
1700025300,pod-1,cpu_usage,17.17959496518363
1700025300,pod-2,cpu_usage,9.637204110343609
1700025360,pod-0,cpu_usage,11.057859903293705
1700025360,pod-1,cpu_usage,18.44627366762839
1700025360,pod-2,cpu_usage,9.510748699994878
1700025420,pod-0,cpu_usage,9.290397843491721
1700025420,pod-1,cpu_usage,18.02294746501338
1700025420,pod-2,cpu_usage,9.14840789543321
1700028240,pod-0,cpu_usage,9.530201805822394
1700028240,pod-1,cpu_usage,10.218406630085871
1700028240,pod-2,cpu_usage,10.808718425274687
1700028300,pod-0,cpu_usage,10.426133030557107
1700028300,pod-1,cpu_usage,8.39609734398133
1700028300,pod-2,cpu_usage,10.213056710321181
1700028360,pod-0,cpu_usage,10.050423501262804
1700028360,pod-1,cpu_usage,10.289723199760886
1700028360,pod-2,cpu_usage,11.131346777155844
1700028420,pod-0,cpu_usage,8.555733206236681
1700028420,pod-1,cpu_usage,9.586227602366225
1700028420,pod-2,cpu_usage,10.413634425955347
1700028480,pod-0,cpu_usage,8.892883920382241
1700028480,pod-1,cpu_usage,11.033164333637457
1700028480,pod-2,cpu_usage,10.257849628890462
1700028540,pod-0,cpu_usage,10.592608790090383
1700028540,pod-1,cpu_usage,9.600339436934744
1700028540,pod-2,cpu_usage,10.569634582976347
1700028600,pod-0,cpu_usage,10.747930089192327
1700028600,pod-1,cpu_usage,10.163014614096017
1700028600,pod-2,cpu_usage,10.164080624889086
1700028660,pod-0,cpu_usage,10.189240267497208
1700028660,pod-1,cpu_usage,9.395658314682432
1700028660,pod-2,cpu_usage,9.896729923831753
1700028720,pod-0,cpu_usage,9.89323422728335
1700028720,pod-1,cpu_usage,10.268375705047447
1700028720,pod-2,cpu_usage,10.699876972837206
1700028780,pod-0,cpu_usage,9.259024742615114
1700028780,pod-1,cpu_usage,9.912493678776295
1700028780,pod-2,cpu_usage,11.03701888336128
1700028840,pod-0,cpu_usage,9.479488239831205
1700028840,pod-1,cpu_usage,9.424424987896776
1700028840,pod-2,cpu_usage,10.141614334281835
1700028900,pod-0,cpu_usage,10.591069633339725
1700028900,pod-1,cpu_usage,10.007998238892462
1700028900,pod-2,cpu_usage,10.930272413305893
1700028960,pod-0,cpu_usage,10.59975578779657
1700028960,pod-1,cpu_usage,10.589274046823043
1700028960,pod-2,cpu_usage,10.387881550926865
1700029020,pod-0,cpu_usage,11.62935717024226
1700029020,pod-1,cpu_usage,9.85638681779377
1700029020,pod-2,cpu_usage,8.59753439555344
1700031840,pod-0,cpu_usage,11.122978053061999
1700031840,pod-1,cpu_usage,9.679610398330222
1700031840,pod-2,cpu_usage,10.075516311040124
1700031900,pod-0,cpu_usage,10.91668547940237
1700031900,pod-1,cpu_usage,8.878418321258753
1700031900,pod-2,cpu_usage,9.123846950125703
1700031960,pod-0,cpu_usage,8.879105444016803
1700031960,pod-1,cpu_usage,9.444104596982204
1700031960,pod-2,cpu_usage,10.307745624211895
1700032020,pod-0,cpu_usage,10.36693148996894
1700032020,pod-1,cpu_usage,10.193391925529987
1700032020,pod-2,cpu_usage,9.011063881275344
1700032080,pod-0,cpu_usage,8.382927594357149
1700032080,pod-1,cpu_usage,10.038047509773268
1700032080,pod-2,cpu_usage,9.669756776453164
1700032140,pod-0,cpu_usage,10.321570040201628
1700032140,pod-1,cpu_usage,10.49136753835489
1700032140,pod-2,cpu_usage,10.096769002441077
1700032200,pod-0,cpu_usage,10.532093159763097
1700032200,pod-1,cpu_usage,10.160447961880548
1700032200,pod-2,cpu_usage,10.371045293921027
1700032260,pod-0,cpu_usage,9.506728715991082
1700032260,pod-1,cpu_usage,9.874272010317979
1700032260,pod-2,cpu_usage,10.13774326765987
1700032320,pod-0,cpu_usage,10.574369932792193
1700032320,pod-1,cpu_usage,9.7243811794428
1700032320,pod-2,cpu_usage,10.364817079012479
1700032380,pod-0,cpu_usage,9.813912845659235
1700032380,pod-1,cpu_usage,9.917720482870308
1700032380,pod-2,cpu_usage,10.58066332941685
1700032440,pod-0,cpu_usage,16.60485774026209
1700032440,pod-1,cpu_usage,9.092469370347667
1700032440,pod-2,cpu_usage,8.962470221790026
1700032500,pod-0,cpu_usage,16.366468716106187
1700032500,pod-1,cpu_usage,9.525214891891377
1700032500,pod-2,cpu_usage,10.524603729809419
1700032560,pod-0,cpu_usage,17.8005811535322
1700032560,pod-1,cpu_usage,10.138453057359296
1700032560,pod-2,cpu_usage,10.762452247697555
1700032620,pod-0,cpu_usage,18.929380292587382
1700032620,pod-1,cpu_usage,9.951603445691703
1700032620,pod-2,cpu_usage,10.947510122698578
1700035440,pod-0,cpu_usage,10.064488660903876
1700035440,pod-1,cpu_usage,9.413821243320777
1700035440,pod-2,cpu_usage,9.583919753460885
1700035500,pod-0,cpu_usage,8.96362444120449
1700035500,pod-1,cpu_usage,9.378306302386443
1700035500,pod-2,cpu_usage,9.749388318347899
1700035560,pod-0,cpu_usage,10.562509513565022
1700035560,pod-1,cpu_usage,11.20453888181619
1700035560,pod-2,cpu_usage,9.032472939236072
1700035620,pod-0,cpu_usage,10.274979227781943
1700035620,pod-1,cpu_usage,9.271619242589725
1700035620,pod-2,cpu_usage,10.33228796192424
1700035680,pod-0,cpu_usage,9.908239344518591
1700035680,pod-1,cpu_usage,8.718365921906729
1700035680,pod-2,cpu_usage,10.64980789409794
1700035740,pod-0,cpu_usage,9.576499501033888
1700035740,pod-1,cpu_usage,9.626269833138512
1700035740,pod-2,cpu_usage,9.251173312097217
1700035800,pod-0,cpu_usage,9.542001706318711
1700035800,pod-1,cpu_usage,10.299523308486442
1700035800,pod-2,cpu_usage,9.867528961344517
1700035860,pod-0,cpu_usage,10.230063401597736
1700035860,pod-1,cpu_usage,10.25334529775019
1700035860,pod-2,cpu_usage,10.924463158869717
1700035920,pod-0,cpu_usage,9.760049694394935
1700035920,pod-1,cpu_usage,8.966199528207987
1700035920,pod-2,cpu_usage,10.747055691600387
1700035980,pod-0,cpu_usage,9.767958279531921
1700035980,pod-1,cpu_usage,10.780214711204163
1700035980,pod-2,cpu_usage,10.268363979227729
1700036040,pod-0,cpu_usage,9.908203728857659
1700036040,pod-1,cpu_usage,18.24414312583241
1700036040,pod-2,cpu_usage,11.365708792088409
1700036100,pod-0,cpu_usage,11.453886370337628
1700036100,pod-1,cpu_usage,18.048566794592944
1700036100,pod-2,cpu_usage,10.112133415321953
1700036160,pod-0,cpu_usage,10.75336811022647
1700036160,pod-1,cpu_usage,17.408037277062856
1700036160,pod-2,cpu_usage,10.233149260832779
1700036220,pod-0,cpu_usage,9.9818960064323
1700036220,pod-1,cpu_usage,18.219735748020288
1700036220,pod-2,cpu_usage,9.416641835835415
1700039040,pod-0,cpu_usage,8.887302754683722
1700039040,pod-1,cpu_usage,8.548911594806096
1700039040,pod-2,cpu_usage,9.217831120907274
1700039100,pod-0,cpu_usage,9.678927300542467
1700039100,pod-1,cpu_usage,9.794765889345866
1700039100,pod-2,cpu_usage,11.356061813700661
1700039160,pod-0,cpu_usage,10.774195358935108
1700039160,pod-1,cpu_usage,9.326536218560861
1700039160,pod-2,cpu_usage,10.24339591671567
1700039220,pod-0,cpu_usage,9.715045234554772
1700039220,pod-1,cpu_usage,9.800945313371933
1700039220,pod-2,cpu_usage,10.129727954590768
1700039280,pod-0,cpu_usage,10.433419781882776
1700039280,pod-1,cpu_usage,9.76251906128119
1700039280,pod-2,cpu_usage,10.744696072914051
1700039340,pod-0,cpu_usage,9.200643241700318
1700039340,pod-1,cpu_usage,10.004437343653588
1700039340,pod-2,cpu_usage,11.818371608617083
1700039400,pod-0,cpu_usage,10.156155819837693
1700039400,pod-1,cpu_usage,11.003250154624322
1700039400,pod-2,cpu_usage,10.064064124721245
1700039460,pod-0,cpu_usage,10.406543966730858
1700039460,pod-1,cpu_usage,9.960251763925116
1700039460,pod-2,cpu_usage,9.880714693185057
1700039520,pod-0,cpu_usage,9.454362322292207
1700039520,pod-1,cpu_usage,10.301210951270287
1700039520,pod-2,cpu_usage,9.403923967569963
1700039580,pod-0,cpu_usage,10.4659096654194
1700039580,pod-1,cpu_usage,10.759700903112137
1700039580,pod-2,cpu_usage,10.256571985066062
1700039640,pod-0,cpu_usage,9.799625886511016
1700039640,pod-1,cpu_usage,10.317775905516088
1700039640,pod-2,cpu_usage,17.78392886111751
1700039700,pod-0,cpu_usage,10.654882987825605
1700039700,pod-1,cpu_usage,8.718015741049413
1700039700,pod-2,cpu_usage,17.76507484231695
1700039760,pod-0,cpu_usage,8.606431603413201
1700039760,pod-1,cpu_usage,8.953457418840957
1700039760,pod-2,cpu_usage,18.95470356086974
1700039820,pod-0,cpu_usage,10.62662948738018
1700039820,pod-1,cpu_usage,9.496363836700647
1700039820,pod-2,cpu_usage,16.948247580771373
1700042640,pod-0,cpu_usage,7.924829813510844
1700042640,pod-1,cpu_usage,9.619553144447156
1700042640,pod-2,cpu_usage,11.694290508573182
1700042700,pod-0,cpu_usage,10.304418990024553
1700042700,pod-1,cpu_usage,9.608299399765357
1700042700,pod-2,cpu_usage,10.325556146650214
1700042760,pod-0,cpu_usage,8.90732915290389
1700042760,pod-1,cpu_usage,9.791873646111656
1700042760,pod-2,cpu_usage,10.069634231111017
1700042820,pod-0,cpu_usage,9.939729543725266
1700042820,pod-1,cpu_usage,10.553564285183056
1700042820,pod-2,cpu_usage,10.241251658365236
1700042880,pod-0,cpu_usage,10.467828212675597
1700042880,pod-1,cpu_usage,9.518139402438468
1700042880,pod-2,cpu_usage,10.628470785887384
1700042940,pod-0,cpu_usage,11.140255863336794
1700042940,pod-1,cpu_usage,9.32089533624401
1700042940,pod-2,cpu_usage,9.378613040999808
1700043000,pod-0,cpu_usage,10.935049035424163
1700043000,pod-1,cpu_usage,9.866059209313457
1700043000,pod-2,cpu_usage,10.98267497444659
1700043060,pod-0,cpu_usage,9.690225001675472
1700043060,pod-1,cpu_usage,11.018531903389498
1700043060,pod-2,cpu_usage,10.092040071763817
1700043120,pod-0,cpu_usage,10.180760176325887
1700043120,pod-1,cpu_usage,11.095302615168933
1700043120,pod-2,cpu_usage,9.74676066578908
1700043180,pod-0,cpu_usage,9.34121453285253
1700043180,pod-1,cpu_usage,9.686005054380152
1700043180,pod-2,cpu_usage,10.316633765450197
1700043240,pod-0,cpu_usage,8.90396864947364
1700043240,pod-1,cpu_usage,10.446229631855784
1700043240,pod-2,cpu_usage,9.62286007766758
1700043300,pod-0,cpu_usage,10.803468862513494
1700043300,pod-1,cpu_usage,8.32401778656967
1700043300,pod-2,cpu_usage,9.449403957427082
1700043360,pod-0,cpu_usage,8.819472294136128
1700043360,pod-1,cpu_usage,9.421639373545233
1700043360,pod-2,cpu_usage,10.17336613077626
1700043420,pod-0,cpu_usage,9.874541362185171
1700043420,pod-1,cpu_usage,9.82263570173639
1700043420,pod-2,cpu_usage,9.888570590033957
1700046240,pod-0,cpu_usage,10.14237176843396
1700046240,pod-1,cpu_usage,9.294024770639824
1700046240,pod-2,cpu_usage,10.494794748629335
1700046300,pod-0,cpu_usage,10.46386617926984
1700046300,pod-1,cpu_usage,10.26952655635927
1700046300,pod-2,cpu_usage,10.389573409925884
1700046360,pod-0,cpu_usage,10.207492600566061
1700046360,pod-1,cpu_usage,11.424551311911747
1700046360,pod-2,cpu_usage,9.939034080263243
1700046420,pod-0,cpu_usage,9.785041747165796
1700046420,pod-1,cpu_usage,9.472530693749835
1700046420,pod-2,cpu_usage,9.277416130595514
1700046480,pod-0,cpu_usage,9.128869748679246
1700046480,pod-1,cpu_usage,9.377841880738357
1700046480,pod-2,cpu_usage,9.95052373284355
1700046540,pod-0,cpu_usage,10.2340065899484
1700046540,pod-1,cpu_usage,10.035799440986514
1700046540,pod-2,cpu_usage,9.4641253057992
1700046600,pod-0,cpu_usage,10.630129194813975
1700046600,pod-1,cpu_usage,10.517588870610663
1700046600,pod-2,cpu_usage,9.888246184804588
1700046660,pod-0,cpu_usage,9.5429586987347
1700046660,pod-1,cpu_usage,10.38389954458086
1700046660,pod-2,cpu_usage,10.131581511240274
1700046720,pod-0,cpu_usage,8.986310918409467
1700046720,pod-1,cpu_usage,9.952413820810916
1700046720,pod-2,cpu_usage,10.183425068452067
1700046780,pod-0,cpu_usage,9.370213649458572
1700046780,pod-1,cpu_usage,10.13289037498621
1700046780,pod-2,cpu_usage,8.981624260319547
1700046840,pod-0,cpu_usage,10.935330270008519
1700046840,pod-1,cpu_usage,18.873564989541602
1700046840,pod-2,cpu_usage,9.823237865987924
1700046900,pod-0,cpu_usage,10.254418036487351
1700046900,pod-1,cpu_usage,16.31305462394009
1700046900,pod-2,cpu_usage,9.190556637814266
1700046960,pod-0,cpu_usage,9.79435475589351
1700046960,pod-1,cpu_usage,17.249506885001196
1700046960,pod-2,cpu_usage,10.500077537841461
1700047020,pod-0,cpu_usage,11.398107571523596
1700047020,pod-1,cpu_usage,17.17636969639949
1700047020,pod-2,cpu_usage,9.413775617140365
1700049840,pod-0,cpu_usage,10.16481385781695
1700049840,pod-1,cpu_usage,11.127781303949735
1700049840,pod-2,cpu_usage,9.144337981222067
1700049900,pod-0,cpu_usage,10.17432528561486
1700049900,pod-1,cpu_usage,11.274909195569176
1700049900,pod-2,cpu_usage,8.843768596274513
1700049960,pod-0,cpu_usage,9.103251555207917
1700049960,pod-1,cpu_usage,9.703475375477414
1700049960,pod-2,cpu_usage,9.635588111001212
1700050020,pod-0,cpu_usage,10.568820901427552
1700050020,pod-1,cpu_usage,10.169161803874587
1700050020,pod-2,cpu_usage,8.757526558250511
1700050080,pod-0,cpu_usage,10.360787282030568
1700050080,pod-1,cpu_usage,9.595722778851044
1700050080,pod-2,cpu_usage,10.892113051858868
1700050140,pod-0,cpu_usage,9.560688724494156
1700050140,pod-1,cpu_usage,9.554369301828435
1700050140,pod-2,cpu_usage,10.378792127563171
1700050200,pod-0,cpu_usage,10.534048537635856
1700050200,pod-1,cpu_usage,10.313669554755343
1700050200,pod-2,cpu_usage,8.820081877830635
1700050260,pod-0,cpu_usage,10.376624107949775
1700050260,pod-1,cpu_usage,9.27598436382792
1700050260,pod-2,cpu_usage,10.164693278111784
1700050320,pod-0,cpu_usage,9.003385895220658
1700050320,pod-1,cpu_usage,10.312425503280144
1700050320,pod-2,cpu_usage,9.435380766984839
1700050380,pod-0,cpu_usage,9.102155744817635
1700050380,pod-1,cpu_usage,10.49967409553768
1700050380,pod-2,cpu_usage,10.169151165173727
1700050440,pod-0,cpu_usage,9.570216239024973
1700050440,pod-1,cpu_usage,11.015825194314745
1700050440,pod-2,cpu_usage,17.69154330490118
1700050500,pod-0,cpu_usage,10.022475371779654
1700050500,pod-1,cpu_usage,10.18823941337502
1700050500,pod-2,cpu_usage,17.56623384610997
1700050560,pod-0,cpu_usage,10.32979540537995
1700050560,pod-1,cpu_usage,9.626583356984693
1700050560,pod-2,cpu_usage,17.711853174448656
1700050620,pod-0,cpu_usage,10.953849847862339
1700050620,pod-1,cpu_usage,9.271589763241296
1700050620,pod-2,cpu_usage,16.311053768349357
1700053440,pod-0,cpu_usage,11.127655896508326
1700053440,pod-1,cpu_usage,11.784529566824903
1700053440,pod-2,cpu_usage,9.716311514185469
1700053500,pod-0,cpu_usage,8.64421337156587
1700053500,pod-1,cpu_usage,9.78266121666284
1700053500,pod-2,cpu_usage,9.799643935111531
1700053560,pod-0,cpu_usage,9.86705331128442
1700053560,pod-1,cpu_usage,9.220628370654707
1700053560,pod-2,cpu_usage,10.405692799733535
1700053620,pod-0,cpu_usage,10.36715516270026
1700053620,pod-1,cpu_usage,8.953916066126485
1700053620,pod-2,cpu_usage,10.48943771218642
1700053680,pod-0,cpu_usage,11.436879487362123
1700053680,pod-1,cpu_usage,10.120372232705941
1700053680,pod-2,cpu_usage,9.763872386552046
1700053740,pod-0,cpu_usage,9.900597749914736
1700053740,pod-1,cpu_usage,10.430679736877993
1700053740,pod-2,cpu_usage,8.788529876144947
1700053800,pod-0,cpu_usage,10.115073492084111
1700053800,pod-1,cpu_usage,9.726675235376034
1700053800,pod-2,cpu_usage,11.293477509069232
1700053860,pod-0,cpu_usage,9.878079086336529
1700053860,pod-1,cpu_usage,11.167521327783664
1700053860,pod-2,cpu_usage,9.227381511552595
1700053920,pod-0,cpu_usage,10.411081416761954
1700053920,pod-1,cpu_usage,10.22358018465386
1700053920,pod-2,cpu_usage,9.391666926494652
1700053980,pod-0,cpu_usage,10.124177280245858
1700053980,pod-1,cpu_usage,10.84876318578212
1700053980,pod-2,cpu_usage,9.77334580699938
1700054040,pod-0,cpu_usage,16.815626145581167
1700054040,pod-1,cpu_usage,9.987706021465788
1700054040,pod-2,cpu_usage,9.36830383364524
1700054100,pod-0,cpu_usage,17.760361342935283
1700054100,pod-1,cpu_usage,9.942888561220416
1700054100,pod-2,cpu_usage,8.806043448789138
1700054160,pod-0,cpu_usage,16.869039162475524
1700054160,pod-1,cpu_usage,10.337446784867868
1700054160,pod-2,cpu_usage,9.634096912681224
1700054220,pod-0,cpu_usage,16.2046789607256
1700054220,pod-1,cpu_usage,10.549390825625695
1700054220,pod-2,cpu_usage,10.190658828691967
1700057040,pod-0,cpu_usage,9.500287623174462
1700057040,pod-1,cpu_usage,9.078218852259232
1700057040,pod-2,cpu_usage,10.585065527420037
1700057100,pod-0,cpu_usage,10.2445454357923
1700057100,pod-1,cpu_usage,11.667821597878852
1700057100,pod-2,cpu_usage,10.294132019107456
1700057160,pod-0,cpu_usage,10.27139219888341
1700057160,pod-1,cpu_usage,9.883150448924004
1700057160,pod-2,cpu_usage,10.571743107040554
1700057220,pod-0,cpu_usage,10.437559640873708
1700057220,pod-1,cpu_usage,10.876207505995637
1700057220,pod-2,cpu_usage,9.635073956953901
1700057280,pod-0,cpu_usage,9.695214768939227
1700057280,pod-1,cpu_usage,9.664627780361615
1700057280,pod-2,cpu_usage,10.553561204825293
1700057340,pod-0,cpu_usage,11.048862108207713
1700057340,pod-1,cpu_usage,9.67881165479549
1700057340,pod-2,cpu_usage,9.702658390544837
1700057400,pod-0,cpu_usage,10.21985405670886
1700057400,pod-1,cpu_usage,9.82796694999097
1700057400,pod-2,cpu_usage,10.666437557197924
1700057460,pod-0,cpu_usage,8.423755896566668
1700057460,pod-1,cpu_usage,9.421306467158173
1700057460,pod-2,cpu_usage,9.452308566226987
1700057520,pod-0,cpu_usage,8.375750791329699
1700057520,pod-1,cpu_usage,9.325453088941837
1700057520,pod-2,cpu_usage,9.359390718907852
1700057580,pod-0,cpu_usage,9.85922674183682
1700057580,pod-1,cpu_usage,10.779076124162184
1700057580,pod-2,cpu_usage,9.828457544166508
1700057640,pod-0,cpu_usage,9.278430395810192
1700057640,pod-1,cpu_usage,9.96013182115053
1700057640,pod-2,cpu_usage,10.734421535008945
1700057700,pod-0,cpu_usage,9.316828828719567
1700057700,pod-1,cpu_usage,9.362597581254986
1700057700,pod-2,cpu_usage,10.390984271491956
1700057760,pod-0,cpu_usage,9.84492471898844
1700057760,pod-1,cpu_usage,10.453239283496632
1700057760,pod-2,cpu_usage,9.990447245743292
1700057820,pod-0,cpu_usage,10.491164553662697
1700057820,pod-1,cpu_usage,9.275445320171551
1700057820,pod-2,cpu_usage,9.991540744448212
1700060640,pod-0,cpu_usage,9.85251698994579
1700060640,pod-1,cpu_usage,9.14887635312711
1700060640,pod-2,cpu_usage,8.905565436491917
1700060700,pod-0,cpu_usage,10.480024324692263
1700060700,pod-1,cpu_usage,9.754333332447416
1700060700,pod-2,cpu_usage,9.28440380284687
1700060760,pod-0,cpu_usage,9.932674744153667
1700060760,pod-1,cpu_usage,10.789613200144512
1700060760,pod-2,cpu_usage,8.403483508239654
1700060820,pod-0,cpu_usage,8.952352917067671
1700060820,pod-1,cpu_usage,9.353979490673312
1700060820,pod-2,cpu_usage,11.02282520670423
1700060880,pod-0,cpu_usage,10.197810888043508
1700060880,pod-1,cpu_usage,10.537122068322859
1700060880,pod-2,cpu_usage,9.201887356611639
1700060940,pod-0,cpu_usage,9.216324887310632
1700060940,pod-1,cpu_usage,10.313469601705897
1700060940,pod-2,cpu_usage,10.040792031654812
1700061000,pod-0,cpu_usage,10.384117173204888
1700061000,pod-1,cpu_usage,9.868630306350083
1700061000,pod-2,cpu_usage,10.19470060851824
1700061060,pod-0,cpu_usage,10.110683359433576
1700061060,pod-1,cpu_usage,10.544437172359448
1700061060,pod-2,cpu_usage,10.56490579736113
1700061120,pod-0,cpu_usage,8.866089603925762
1700061120,pod-1,cpu_usage,8.4269120112614
1700061120,pod-2,cpu_usage,10.701221778356055
1700061180,pod-0,cpu_usage,10.831407565283355
1700061180,pod-1,cpu_usage,9.285563886340665
1700061180,pod-2,cpu_usage,8.69811521541806
1700061240,pod-0,cpu_usage,10.06932437470504
1700061240,pod-1,cpu_usage,10.65158675844537
1700061240,pod-2,cpu_usage,19.25831616570402
1700061300,pod-0,cpu_usage,10.361408300471016
1700061300,pod-1,cpu_usage,9.739798312390013
1700061300,pod-2,cpu_usage,17.374808564890596
1700061360,pod-0,cpu_usage,10.008015904169458
1700061360,pod-1,cpu_usage,9.790514707280321
1700061360,pod-2,cpu_usage,17.28945246598983
1700061420,pod-0,cpu_usage,11.4341289556043
1700061420,pod-1,cpu_usage,11.249617881450492
1700061420,pod-2,cpu_usage,18.7952340784888
1700064240,pod-0,cpu_usage,9.35540472153361
1700064240,pod-1,cpu_usage,10.598513527008095
1700064240,pod-2,cpu_usage,10.44773848664853
1700064300,pod-0,cpu_usage,10.309781936942837
1700064300,pod-1,cpu_usage,10.874765686930644
1700064300,pod-2,cpu_usage,10.444759800002894
1700064360,pod-0,cpu_usage,10.518009965413034
1700064360,pod-1,cpu_usage,10.445834398360548
1700064360,pod-2,cpu_usage,10.238553985601474
1700064420,pod-0,cpu_usage,8.751472209200072
1700064420,pod-1,cpu_usage,10.05853475418739
1700064420,pod-2,cpu_usage,9.610665628805613
1700064480,pod-0,cpu_usage,9.104111329651985
1700064480,pod-1,cpu_usage,11.177271633510577
1700064480,pod-2,cpu_usage,11.210296738619991
1700064540,pod-0,cpu_usage,10.951454420206929
1700064540,pod-1,cpu_usage,10.178649391799112
1700064540,pod-2,cpu_usage,10.945437584666859
1700064600,pod-0,cpu_usage,10.008437226421277
1700064600,pod-1,cpu_usage,10.141958093828446
1700064600,pod-2,cpu_usage,9.234570040676612
1700064660,pod-0,cpu_usage,10.277893913149189
1700064660,pod-1,cpu_usage,10.042270149897092
1700064660,pod-2,cpu_usage,9.088143518215874
1700064720,pod-0,cpu_usage,9.964162021728383
1700064720,pod-1,cpu_usage,9.944189305300235
1700064720,pod-2,cpu_usage,11.258292816651249
1700064780,pod-0,cpu_usage,10.625949329959386
1700064780,pod-1,cpu_usage,10.008011807364026
1700064780,pod-2,cpu_usage,10.174151116860758
1700064840,pod-0,cpu_usage,18.03094866467294
1700064840,pod-1,cpu_usage,9.857960210643117
1700064840,pod-2,cpu_usage,9.2423009618282
1700064900,pod-0,cpu_usage,17.89426368567515
1700064900,pod-1,cpu_usage,9.477731220343241
1700064900,pod-2,cpu_usage,9.124779122753797
1700064960,pod-0,cpu_usage,18.357855270183272
1700064960,pod-1,cpu_usage,10.273885261953264
1700064960,pod-2,cpu_usage,8.749304742042346
1700065020,pod-0,cpu_usage,17.91412075375341
1700065020,pod-1,cpu_usage,10.696990970129946
1700065020,pod-2,cpu_usage,10.741456617227424
1700067840,pod-0,cpu_usage,10.718085790019668
1700067840,pod-1,cpu_usage,10.027239244831021
1700067840,pod-2,cpu_usage,9.408468270421594
1700067900,pod-0,cpu_usage,9.241410820849358
1700067900,pod-1,cpu_usage,10.241223433325251
1700067900,pod-2,cpu_usage,10.265496024055613
1700067960,pod-0,cpu_usage,10.901131778123546
1700067960,pod-1,cpu_usage,10.769985755239459
1700067960,pod-2,cpu_usage,9.90743994042818
1700068020,pod-0,cpu_usage,9.129055884797392
1700068020,pod-1,cpu_usage,9.776625382092371
1700068020,pod-2,cpu_usage,10.152061836367368
1700068080,pod-0,cpu_usage,9.858541728227417
1700068080,pod-1,cpu_usage,9.59547412434564
1700068080,pod-2,cpu_usage,10.177019370478929
1700068140,pod-0,cpu_usage,9.647229581012573
1700068140,pod-1,cpu_usage,9.560353741392237
1700068140,pod-2,cpu_usage,10.218016984012408
1700068200,pod-0,cpu_usage,9.718605193909557
1700068200,pod-1,cpu_usage,10.170873072284847
1700068200,pod-2,cpu_usage,10.191242815996485
1700068260,pod-0,cpu_usage,9.202399699235897
1700068260,pod-1,cpu_usage,9.66313121329421
1700068260,pod-2,cpu_usage,11.006443857941523
1700068320,pod-0,cpu_usage,9.186544341085998
1700068320,pod-1,cpu_usage,8.518341885720629
1700068320,pod-2,cpu_usage,8.696708392730242
1700068380,pod-0,cpu_usage,10.020376962603669
1700068380,pod-1,cpu_usage,10.021642094622889
1700068380,pod-2,cpu_usage,9.917672401202415
1700068440,pod-0,cpu_usage,10.849932880249952
1700068440,pod-1,cpu_usage,16.129015896827944
1700068440,pod-2,cpu_usage,10.277153712101576
1700068500,pod-0,cpu_usage,11.093006741262501
1700068500,pod-1,cpu_usage,17.210553464575803
1700068500,pod-2,cpu_usage,9.734135441747073
1700068560,pod-0,cpu_usage,9.472975657939966
1700068560,pod-1,cpu_usage,17.37395776774573
1700068560,pod-2,cpu_usage,9.771616596483872
1700068620,pod-0,cpu_usage,10.999239698579153
1700068620,pod-1,cpu_usage,19.286170672841266
1700068620,pod-2,cpu_usage,9.764842542471897
1700071440,pod-0,cpu_usage,11.33354214984513
1700071440,pod-1,cpu_usage,10.024903533889237
1700071440,pod-2,cpu_usage,11.227583718690756
1700071500,pod-0,cpu_usage,9.934690945242556
1700071500,pod-1,cpu_usage,10.091740478232301
1700071500,pod-2,cpu_usage,10.255832130849985
1700071560,pod-0,cpu_usage,12.225197575557274
1700071560,pod-1,cpu_usage,10.595899902391352
1700071560,pod-2,cpu_usage,9.504914829033975
1700071620,pod-0,cpu_usage,10.6782985091931
1700071620,pod-1,cpu_usage,9.74671722404096
1700071620,pod-2,cpu_usage,9.657174871969154
1700071680,pod-0,cpu_usage,10.636020951924477
1700071680,pod-1,cpu_usage,10.021759911439807
1700071680,pod-2,cpu_usage,10.195003140158263
1700071740,pod-0,cpu_usage,10.009789655305704
1700071740,pod-1,cpu_usage,10.235608188623804
1700071740,pod-2,cpu_usage,10.297476128205304
1700071800,pod-0,cpu_usage,8.64412314710621
1700071800,pod-1,cpu_usage,10.466600868026674
1700071800,pod-2,cpu_usage,9.31258640611879
1700071860,pod-0,cpu_usage,8.990390605108413
1700071860,pod-1,cpu_usage,9.959112129298923
1700071860,pod-2,cpu_usage,10.058786702320118
1700071920,pod-0,cpu_usage,9.514545684799403
1700071920,pod-1,cpu_usage,10.581722300367582
1700071920,pod-2,cpu_usage,9.060477383540364
1700071980,pod-0,cpu_usage,9.71513937585921
1700071980,pod-1,cpu_usage,9.5905881055469
1700071980,pod-2,cpu_usage,9.967388910762462
1700072040,pod-0,cpu_usage,10.195204999253066
1700072040,pod-1,cpu_usage,9.29447493526352
1700072040,pod-2,cpu_usage,10.50699787421936
1700072100,pod-0,cpu_usage,10.04410165783429
1700072100,pod-1,cpu_usage,8.675637622681663
1700072100,pod-2,cpu_usage,8.628985991722079
1700072160,pod-0,cpu_usage,9.991376494949483
1700072160,pod-1,cpu_usage,9.845322877549552
1700072160,pod-2,cpu_usage,9.927605920497756
1700072220,pod-0,cpu_usage,9.980412280428848
1700072220,pod-1,cpu_usage,10.157891887657126
1700072220,pod-2,cpu_usage,10.66335472689381
1700075040,pod-0,cpu_usage,9.222226569357709
1700075040,pod-1,cpu_usage,9.179619884969444
1700075040,pod-2,cpu_usage,9.234673299478832
1700075100,pod-0,cpu_usage,10.202241667018095
1700075100,pod-1,cpu_usage,10.871463165052512
1700075100,pod-2,cpu_usage,9.698062393232343
1700075160,pod-0,cpu_usage,8.248810109088241
1700075160,pod-1,cpu_usage,8.807204996172738
1700075160,pod-2,cpu_usage,9.416874294042792
1700075220,pod-0,cpu_usage,9.60958977875335
1700075220,pod-1,cpu_usage,9.714127960921692
1700075220,pod-2,cpu_usage,10.027006786086641
1700075280,pod-0,cpu_usage,9.781777568424287
1700075280,pod-1,cpu_usage,10.734537727380385
1700075280,pod-2,cpu_usage,9.526787886023042
1700075340,pod-0,cpu_usage,9.39637742836712
1700075340,pod-1,cpu_usage,10.335212876964324
1700075340,pod-2,cpu_usage,8.925050551051717
1700075400,pod-0,cpu_usage,10.272784193724002
1700075400,pod-1,cpu_usage,10.071787228608386
1700075400,pod-2,cpu_usage,9.896790257057283
1700075460,pod-0,cpu_usage,11.111793275004484
1700075460,pod-1,cpu_usage,9.564454788293698
1700075460,pod-2,cpu_usage,11.442208719366855
1700075520,pod-0,cpu_usage,9.84219798554033
1700075520,pod-1,cpu_usage,9.10608848852084
1700075520,pod-2,cpu_usage,10.048943706696377
1700075580,pod-0,cpu_usage,9.246628359776862
1700075580,pod-1,cpu_usage,9.47377090653055
1700075580,pod-2,cpu_usage,10.277923310010843
1700075640,pod-0,cpu_usage,18.388907462055087
1700075640,pod-1,cpu_usage,9.564482609822019
1700075640,pod-2,cpu_usage,10.69118360153248
1700075700,pod-0,cpu_usage,18.810255430614795
1700075700,pod-1,cpu_usage,11.005411229594303
1700075700,pod-2,cpu_usage,10.370589384988005
1700075760,pod-0,cpu_usage,18.95440009845999
1700075760,pod-1,cpu_usage,8.68344110041816
1700075760,pod-2,cpu_usage,9.777465415960076
1700075820,pod-0,cpu_usage,17.3930963205736
1700075820,pod-1,cpu_usage,10.083458102789175
1700075820,pod-2,cpu_usage,9.599985546562284
1700078640,pod-0,cpu_usage,9.883689510635188
1700078640,pod-1,cpu_usage,11.317522416142834
1700078640,pod-2,cpu_usage,9.881196142505734
1700078700,pod-0,cpu_usage,10.289654622033149
1700078700,pod-1,cpu_usage,9.837411469053036
1700078700,pod-2,cpu_usage,10.052999301569784
1700078760,pod-0,cpu_usage,10.00421167630525
1700078760,pod-1,cpu_usage,10.313826846181211
1700078760,pod-2,cpu_usage,10.815715274883024
1700078820,pod-0,cpu_usage,11.15317579832233
1700078820,pod-1,cpu_usage,10.216734057336417
1700078820,pod-2,cpu_usage,10.412682820224921
1700078880,pod-0,cpu_usage,9.194394843570104
1700078880,pod-1,cpu_usage,9.938486280309066
1700078880,pod-2,cpu_usage,10.658202625418513
1700078940,pod-0,cpu_usage,10.606178046892007
1700078940,pod-1,cpu_usage,10.148126812956535
1700078940,pod-2,cpu_usage,10.620475771697567
1700079000,pod-0,cpu_usage,10.343536696295674
1700079000,pod-1,cpu_usage,10.840214380781525
1700079000,pod-2,cpu_usage,10.202551409869978
1700079060,pod-0,cpu_usage,9.751011179100276
1700079060,pod-1,cpu_usage,10.235088879853116
1700079060,pod-2,cpu_usage,7.9485839369030575
1700079120,pod-0,cpu_usage,10.268020015469535
1700079120,pod-1,cpu_usage,7.446111022349651
1700079120,pod-2,cpu_usage,8.793575614816207
1700079180,pod-0,cpu_usage,10.31623802065869
1700079180,pod-1,cpu_usage,10.334270536086757
1700079180,pod-2,cpu_usage,9.18629985390205
1700079240,pod-0,cpu_usage,9.501528570684743
1700079240,pod-1,cpu_usage,18.959378692029894
1700079240,pod-2,cpu_usage,9.661178907899126
1700079300,pod-0,cpu_usage,11.570044218682089
1700079300,pod-1,cpu_usage,17.998656102776557
1700079300,pod-2,cpu_usage,10.285625323816888
1700079360,pod-0,cpu_usage,11.131812078949025
1700079360,pod-1,cpu_usage,18.091718981335394
1700079360,pod-2,cpu_usage,9.29835921351644
1700079420,pod-0,cpu_usage,9.923190783813997
1700079420,pod-1,cpu_usage,17.97507248466694
1700079420,pod-2,cpu_usage,9.044680843458904
1700082240,pod-0,cpu_usage,9.820917550061424
1700082240,pod-1,cpu_usage,9.480465534201794
1700082240,pod-2,cpu_usage,10.647050430031204
1700082300,pod-0,cpu_usage,10.02422831192968
1700082300,pod-1,cpu_usage,9.8020429755967
1700082300,pod-2,cpu_usage,9.925672648564197
1700082360,pod-0,cpu_usage,10.156185412884316
1700082360,pod-1,cpu_usage,10.431769939782846
1700082360,pod-2,cpu_usage,9.300201439931433
1700082420,pod-0,cpu_usage,9.27088865716511
1700082420,pod-1,cpu_usage,10.773275450781771
1700082420,pod-2,cpu_usage,9.711364189456688
1700082480,pod-0,cpu_usage,9.008210535182188
1700082480,pod-1,cpu_usage,10.310668896568174
1700082480,pod-2,cpu_usage,10.32435886422288
1700082540,pod-0,cpu_usage,8.928499319920306
1700082540,pod-1,cpu_usage,10.160637200824524
1700082540,pod-2,cpu_usage,10.514908164699861
1700082600,pod-0,cpu_usage,10.262070516194385
1700082600,pod-1,cpu_usage,10.442387038632976
1700082600,pod-2,cpu_usage,9.017011631336477
1700082660,pod-0,cpu_usage,10.231728108497338
1700082660,pod-1,cpu_usage,9.788166168370687
1700082660,pod-2,cpu_usage,9.662046888892748
1700082720,pod-0,cpu_usage,10.609388926593809
1700082720,pod-1,cpu_usage,11.03549215747196
1700082720,pod-2,cpu_usage,11.25605903822025
1700082780,pod-0,cpu_usage,10.920365510054133
1700082780,pod-1,cpu_usage,9.923186072858872
1700082780,pod-2,cpu_usage,10.24690411411844
1700082840,pod-0,cpu_usage,10.536776010248971
1700082840,pod-1,cpu_usage,10.084824564509624
1700082840,pod-2,cpu_usage,18.09153493153808
1700082900,pod-0,cpu_usage,10.576627192313328
1700082900,pod-1,cpu_usage,9.958502147781848
1700082900,pod-2,cpu_usage,17.489499144538435
1700082960,pod-0,cpu_usage,9.7098688539149
1700082960,pod-1,cpu_usage,10.44373726441362
1700082960,pod-2,cpu_usage,18.00209530383997
1700083020,pod-0,cpu_usage,10.238146983807837
1700083020,pod-1,cpu_usage,10.469055469541534
1700083020,pod-2,cpu_usage,17.737610975971673
1700085840,pod-0,cpu_usage,10.529373714540863
1700085840,pod-1,cpu_usage,10.265189822420876
1700085840,pod-2,cpu_usage,9.135630839161966
1700085900,pod-0,cpu_usage,11.009613353830371
1700085900,pod-1,cpu_usage,9.649478679370159
1700085900,pod-2,cpu_usage,8.84143325977037
1700085960,pod-0,cpu_usage,9.268469403289588
1700085960,pod-1,cpu_usage,9.285268387525175
1700085960,pod-2,cpu_usage,10.036521323060274
1700086020,pod-0,cpu_usage,9.808304646117634
1700086020,pod-1,cpu_usage,9.764217622651586
1700086020,pod-2,cpu_usage,10.433791375837735
1700086080,pod-0,cpu_usage,10.237912752834893
1700086080,pod-1,cpu_usage,10.221233509451
1700086080,pod-2,cpu_usage,10.286879920130085
1700086140,pod-0,cpu_usage,10.431294267601567
1700086140,pod-1,cpu_usage,8.52443266075579
1700086140,pod-2,cpu_usage,9.744893223414877
1700086200,pod-0,cpu_usage,8.473852954857367
1700086200,pod-1,cpu_usage,10.025241948758456
1700086200,pod-2,cpu_usage,9.996756919442959
1700086260,pod-0,cpu_usage,10.731872592352776
1700086260,pod-1,cpu_usage,10.831344074904784
1700086260,pod-2,cpu_usage,10.141942533776657
1700086320,pod-0,cpu_usage,9.64974724582217
1700086320,pod-1,cpu_usage,10.339612778782016
1700086320,pod-2,cpu_usage,9.63045765387298
1700086380,pod-0,cpu_usage,9.999025143989655
1700086380,pod-1,cpu_usage,10.690295421872538
1700086380,pod-2,cpu_usage,9.609560057807403
1700086440,pod-0,cpu_usage,10.56397504746975
1700086440,pod-1,cpu_usage,10.474180958084611
1700086440,pod-2,cpu_usage,9.331645728008425
1700086500,pod-0,cpu_usage,10.681725889752181
1700086500,pod-1,cpu_usage,10.488996441760053
1700086500,pod-2,cpu_usage,10.07134812116086
1700086560,pod-0,cpu_usage,9.466373579380644
1700086560,pod-1,cpu_usage,9.3985557869971
1700086560,pod-2,cpu_usage,9.623636196167885
1700086620,pod-0,cpu_usage,10.379816124304371
1700086620,pod-1,cpu_usage,9.331062382819022
1700086620,pod-2,cpu_usage,10.306258574033908
1700089440,pod-0,cpu_usage,9.130771129785126
1700089440,pod-1,cpu_usage,9.857151990892806
1700089440,pod-2,cpu_usage,10.076753428201807
1700089500,pod-0,cpu_usage,11.711591101541241
1700089500,pod-1,cpu_usage,9.035879041135743
1700089500,pod-2,cpu_usage,11.030410196543093
1700089560,pod-0,cpu_usage,10.104889689791095
1700089560,pod-1,cpu_usage,10.287820342611175
1700089560,pod-2,cpu_usage,10.082843539371742
1700089620,pod-0,cpu_usage,10.311308772736663
1700089620,pod-1,cpu_usage,9.892420426946588
1700089620,pod-2,cpu_usage,11.01783512702022
1700089680,pod-0,cpu_usage,9.680470199042695
1700089680,pod-1,cpu_usage,10.792564200525474
1700089680,pod-2,cpu_usage,9.548943015850885
1700089740,pod-0,cpu_usage,9.957823707519099
1700089740,pod-1,cpu_usage,9.249626213396846
1700089740,pod-2,cpu_usage,10.318516604243264
1700089800,pod-0,cpu_usage,11.011588169848574
1700089800,pod-1,cpu_usage,9.945850674125403
1700089800,pod-2,cpu_usage,9.862180010907263
1700089860,pod-0,cpu_usage,9.21976812585245
1700089860,pod-1,cpu_usage,9.839495142513384
1700089860,pod-2,cpu_usage,8.88504401819493
1700089920,pod-0,cpu_usage,9.360985409296822
1700089920,pod-1,cpu_usage,10.158750232276395
1700089920,pod-2,cpu_usage,10.923309238418977
1700089980,pod-0,cpu_usage,11.966447602860653
1700089980,pod-1,cpu_usage,9.58939044045037
1700089980,pod-2,cpu_usage,11.004710109651807
1700090040,pod-0,cpu_usage,10.170626736281154
1700090040,pod-1,cpu_usage,17.894126647277538
1700090040,pod-2,cpu_usage,10.302816116208307
1700090100,pod-0,cpu_usage,10.043341538575971
1700090100,pod-1,cpu_usage,18.07727700792855
1700090100,pod-2,cpu_usage,9.714166786021332
1700090160,pod-0,cpu_usage,9.021323238140806
1700090160,pod-1,cpu_usage,16.919462358234544
1700090160,pod-2,cpu_usage,10.457271418296859
1700090220,pod-0,cpu_usage,9.80630993694
1700090220,pod-1,cpu_usage,17.582737770240684
1700090220,pod-2,cpu_usage,10.005953938706208
1700093040,pod-0,cpu_usage,10.55645257704094
1700093040,pod-1,cpu_usage,10.12625476011848
1700093040,pod-2,cpu_usage,9.540761544351323
1700093100,pod-0,cpu_usage,10.858405068954264
1700093100,pod-1,cpu_usage,11.105429852087143
1700093100,pod-2,cpu_usage,10.346189658725997
1700093160,pod-0,cpu_usage,10.681564457940864
1700093160,pod-1,cpu_usage,10.869371997769667
1700093160,pod-2,cpu_usage,10.79106952148316
1700093220,pod-0,cpu_usage,10.429869423978836
1700093220,pod-1,cpu_usage,10.418842932952417
1700093220,pod-2,cpu_usage,10.363762401342552
1700093280,pod-0,cpu_usage,9.23186362781707
1700093280,pod-1,cpu_usage,10.49050620980171
1700093280,pod-2,cpu_usage,9.050930220211413
1700093340,pod-0,cpu_usage,9.443780381412461
1700093340,pod-1,cpu_usage,10.912495547465662
1700093340,pod-2,cpu_usage,10.588154113885938
1700093400,pod-0,cpu_usage,11.041178802780104
1700093400,pod-1,cpu_usage,9.809827931418896
1700093400,pod-2,cpu_usage,9.193425811106263
1700093460,pod-0,cpu_usage,9.83169396205076
1700093460,pod-1,cpu_usage,10.071421908068402
1700093460,pod-2,cpu_usage,10.055292101438006
1700093520,pod-0,cpu_usage,10.793576335129691
1700093520,pod-1,cpu_usage,9.747110702497588
1700093520,pod-2,cpu_usage,10.246424130262048
1700093580,pod-0,cpu_usage,9.307960995395776
1700093580,pod-1,cpu_usage,10.31522209463067
1700093580,pod-2,cpu_usage,10.002175985129945
1700093640,pod-0,cpu_usage,9.475130663200838
1700093640,pod-1,cpu_usage,9.834919446477603
1700093640,pod-2,cpu_usage,17.871076977439344
1700093700,pod-0,cpu_usage,9.810891409464032
1700093700,pod-1,cpu_usage,11.239938869587379
1700093700,pod-2,cpu_usage,17.931087798384482
1700093760,pod-0,cpu_usage,9.829272722875864
1700093760,pod-1,cpu_usage,8.5317843296729
1700093760,pod-2,cpu_usage,17.374054853614368
1700093820,pod-0,cpu_usage,9.815848602880553
1700093820,pod-1,cpu_usage,9.51990312667635
1700093820,pod-2,cpu_usage,18.967195315364457
1700096640,pod-0,cpu_usage,9.884543557222647
1700096640,pod-1,cpu_usage,10.901910974522776
1700096640,pod-2,cpu_usage,10.043193243835258
1700096700,pod-0,cpu_usage,10.026059485495104
1700096700,pod-1,cpu_usage,9.93784248660125
1700096700,pod-2,cpu_usage,10.002657376135021
1700096760,pod-0,cpu_usage,11.203156502134902
1700096760,pod-1,cpu_usage,8.376272491274147
1700096760,pod-2,cpu_usage,8.598917978892924
1700096820,pod-0,cpu_usage,9.61978041826072
1700096820,pod-1,cpu_usage,10.010169517356298
1700096820,pod-2,cpu_usage,10.483073097334808
1700096880,pod-0,cpu_usage,10.331161038619232
1700096880,pod-1,cpu_usage,9.7310278609836
1700096880,pod-2,cpu_usage,10.713330585269233
1700096940,pod-0,cpu_usage,10.721136782206912
1700096940,pod-1,cpu_usage,10.128840481890096
1700096940,pod-2,cpu_usage,10.673860300740788
1700097000,pod-0,cpu_usage,10.19085168440249
1700097000,pod-1,cpu_usage,9.606961881251982
1700097000,pod-2,cpu_usage,10.488471787300004
1700097060,pod-0,cpu_usage,10.077429185805075
1700097060,pod-1,cpu_usage,10.00093789272814
1700097060,pod-2,cpu_usage,11.031067500532702
1700097120,pod-0,cpu_usage,8.28438951002194
1700097120,pod-1,cpu_usage,9.0076210808883
1700097120,pod-2,cpu_usage,9.169050701537941
1700097180,pod-0,cpu_usage,9.745717546701837
1700097180,pod-1,cpu_usage,9.82177428116378
1700097180,pod-2,cpu_usage,8.944872046558867
1700097240,pod-0,cpu_usage,17.31038937738242
1700097240,pod-1,cpu_usage,9.3974108250335
1700097240,pod-2,cpu_usage,11.720196864453124
1700097300,pod-0,cpu_usage,19.261219363423002
1700097300,pod-1,cpu_usage,9.711775407620745
1700097300,pod-2,cpu_usage,9.74549169678524
1700097360,pod-0,cpu_usage,17.195557201968192
1700097360,pod-1,cpu_usage,8.664308710742313
1700097360,pod-2,cpu_usage,9.918183869514033
1700097420,pod-0,cpu_usage,17.30150361172918
1700097420,pod-1,cpu_usage,9.940604627836594
1700097420,pod-2,cpu_usage,8.879855905669565
1700100240,pod-0,cpu_usage,9.46661787918282
1700100240,pod-1,cpu_usage,10.10403896671198
1700100240,pod-2,cpu_usage,10.256346718448755
1700100300,pod-0,cpu_usage,10.29223037111941
1700100300,pod-1,cpu_usage,9.075657711090074
1700100300,pod-2,cpu_usage,10.598280011094893
1700100360,pod-0,cpu_usage,9.439851812378706
1700100360,pod-1,cpu_usage,10.443000540225114
1700100360,pod-2,cpu_usage,9.992552926367265
1700100420,pod-0,cpu_usage,9.036528750645436
1700100420,pod-1,cpu_usage,9.778661606793168
1700100420,pod-2,cpu_usage,10.255754619444637
1700100480,pod-0,cpu_usage,10.42907576633222
1700100480,pod-1,cpu_usage,9.901308471788907
1700100480,pod-2,cpu_usage,11.072245223420737
1700100540,pod-0,cpu_usage,10.70525753969059
1700100540,pod-1,cpu_usage,9.820342118520173
1700100540,pod-2,cpu_usage,10.525085268495861
1700100600,pod-0,cpu_usage,11.35365543963173
1700100600,pod-1,cpu_usage,11.372339220548119
1700100600,pod-2,cpu_usage,9.140400083424252
1700100660,pod-0,cpu_usage,9.351426822189994
1700100660,pod-1,cpu_usage,11.039443150713696
1700100660,pod-2,cpu_usage,9.259203264413653
1700100720,pod-0,cpu_usage,9.074221206695825
1700100720,pod-1,cpu_usage,9.659664108510666
1700100720,pod-2,cpu_usage,10.29415869663221
1700100780,pod-0,cpu_usage,9.928322305372232
1700100780,pod-1,cpu_usage,9.544605465716085
1700100780,pod-2,cpu_usage,9.528051276792844
1700100840,pod-0,cpu_usage,9.501364054911104
1700100840,pod-1,cpu_usage,9.38434325993874
1700100840,pod-2,cpu_usage,11.597143014093243
1700100900,pod-0,cpu_usage,10.208257749829889
1700100900,pod-1,cpu_usage,10.620731338083317
1700100900,pod-2,cpu_usage,9.657645772316753
1700100960,pod-0,cpu_usage,9.869830325969765
1700100960,pod-1,cpu_usage,9.500512213040752
1700100960,pod-2,cpu_usage,8.143804165556558
1700101020,pod-0,cpu_usage,9.035393506206495
1700101020,pod-1,cpu_usage,8.732566924013724
1700101020,pod-2,cpu_usage,8.425151355433876
1700103840,pod-0,cpu_usage,9.163248717991328
1700103840,pod-1,cpu_usage,10.927468975567141
1700103840,pod-2,cpu_usage,9.968894682606951
1700103900,pod-0,cpu_usage,10.903394633624822
1700103900,pod-1,cpu_usage,10.287687803830613
1700103900,pod-2,cpu_usage,10.547791178000612
1700103960,pod-0,cpu_usage,9.369372103286798
1700103960,pod-1,cpu_usage,10.36676566793487
1700103960,pod-2,cpu_usage,10.510099963852042
1700104020,pod-0,cpu_usage,9.596346895436415
1700104020,pod-1,cpu_usage,10.391678259431316
1700104020,pod-2,cpu_usage,10.396331431002382
1700104080,pod-0,cpu_usage,9.615313165208942
1700104080,pod-1,cpu_usage,9.214062097410304
1700104080,pod-2,cpu_usage,9.171110167671209
1700104140,pod-0,cpu_usage,10.060553879345024
1700104140,pod-1,cpu_usage,10.22890690815252
1700104140,pod-2,cpu_usage,9.44523191867946
1700104200,pod-0,cpu_usage,10.01860973892827
1700104200,pod-1,cpu_usage,10.39937592529694
1700104200,pod-2,cpu_usage,10.43273350026571
1700104260,pod-0,cpu_usage,11.086316084085741
1700104260,pod-1,cpu_usage,10.89388658253863
1700104260,pod-2,cpu_usage,9.299095997070419
1700104320,pod-0,cpu_usage,11.178510346676616
1700104320,pod-1,cpu_usage,9.628316446811
1700104320,pod-2,cpu_usage,10.7314109687181
1700104380,pod-0,cpu_usage,10.047590638235762
1700104380,pod-1,cpu_usage,9.711495435080122
1700104380,pod-2,cpu_usage,8.734612198157548
1700104440,pod-0,cpu_usage,9.879904842848557
1700104440,pod-1,cpu_usage,8.908431735286074
1700104440,pod-2,cpu_usage,18.67710946508994
1700104500,pod-0,cpu_usage,11.061754859997473
1700104500,pod-1,cpu_usage,9.442162307492318
1700104500,pod-2,cpu_usage,18.21137951976349
1700104560,pod-0,cpu_usage,9.492225934594417
1700104560,pod-1,cpu_usage,9.560060688904247
1700104560,pod-2,cpu_usage,18.54214629270576
1700104620,pod-0,cpu_usage,9.973023216709612
1700104620,pod-1,cpu_usage,11.217753629351709
1700104620,pod-2,cpu_usage,17.662437264907958
