index,feature
0,RSRP/mean
1,RSRP/std
2,RSRP/range
3,RSRP/mean_abs_diff
4,DL_BLER/mean
5,DL_BLER/std
6,DL_BLER/range
7,DL_BLER/mean_abs_diff
8,DL_MCS/mean
9,DL_MCS/std
10,DL_MCS/range
11,DL_MCS/mean_abs_diff
12,UL_BLER/mean
13,UL_BLER/std
14,UL_BLER/range
15,UL_BLER/mean_abs_diff
16,UL_MCS/mean
17,UL_MCS/std
18,UL_MCS/range
19,UL_MCS/mean_abs_diff
20,UL_NPRB/mean
21,UL_NPRB/std
22,UL_NPRB/range
23,UL_NPRB/mean_abs_diff
24,UL_SNR/mean
25,UL_SNR/std
26,UL_SNR/range
27,UL_SNR/mean_abs_diff
28,TX_Bytes/mean
29,TX_Bytes/std
30,TX_Bytes/range
31,TX_Bytes/mean_abs_diff
32,RX_Bytes/mean
33,RX_Bytes/std
34,RX_Bytes/range
35,RX_Bytes/mean_abs_diff
36,Estimated_UL_Buffer/mean
37,Estimated_UL_Buffer/std
38,Estimated_UL_Buffer/range
39,Estimated_UL_Buffer/mean_abs_diff
40,PRBs_DL_Current/mean
41,PRBs_DL_Current/std
42,PRBs_DL_Current/range
43,PRBs_DL_Current/mean_abs_diff
44,PRBs_UL_Current/mean
45,PRBs_UL_Current/std
46,PRBs_UL_Current/range
47,PRBs_UL_Current/mean_abs_diff
48,PRB_Utilization_DL/mean
49,PRB_Utilization_DL/std
50,PRB_Utilization_DL/range
51,PRB_Utilization_DL/mean_abs_diff
52,PRB_Utilization_UL/mean
53,PRB_Utilization_UL/std
54,PRB_Utilization_UL/range
55,PRB_Utilization_UL/mean_abs_diff
56,UL_NumberOfPackets/mean
57,UL_NumberOfPackets/std
58,UL_NumberOfPackets/range
59,UL_NumberOfPackets/mean_abs_diff
60,DL_NumberOfPackets/mean
61,DL_NumberOfPackets/std
62,DL_NumberOfPackets/range
63,DL_NumberOfPackets/mean_abs_diff
