a,b,correlation,n
DL_BLER/mean,DL_MCS/mean,-0.9902495299710803,96
DL_BLER/mean,TX_Bytes/mean,-0.99334452310182,96
DL_BLER/mean,PRBs_DL_Current/mean,-0.9939669941180918,96
DL_BLER/mean,PRB_Utilization_DL/mean,-0.9939670108341698,96
DL_BLER/mean,DL_NumberOfPackets/mean,-0.9593429444791859,96
DL_BLER/std,DL_BLER/range,0.993144204651261,96
DL_MCS/mean,TX_Bytes/mean,0.9951197331293459,96
DL_MCS/mean,PRBs_DL_Current/mean,0.9898284502716003,96
DL_MCS/mean,PRB_Utilization_DL/mean,0.9898284621683301,96
DL_MCS/mean,DL_NumberOfPackets/mean,0.9635955353911964,96
DL_MCS/std,DL_MCS/range,0.9931934717510492,96
DL_MCS/std,DL_MCS/mean_abs_diff,0.9989363633382082,96
DL_MCS/range,DL_MCS/mean_abs_diff,0.9961803570727747,96
UL_NPRB/std,UL_NPRB/mean_abs_diff,0.9627160792532562,96
TX_Bytes/mean,PRBs_DL_Current/mean,0.9978517147534827,96
TX_Bytes/mean,PRB_Utilization_DL/mean,0.997851712007221,96
TX_Bytes/mean,DL_NumberOfPackets/mean,0.9699645996879431,96
TX_Bytes/std,PRBs_DL_Current/std,0.9836270171883194,96
TX_Bytes/std,PRB_Utilization_DL/std,0.9836271481747992,96
TX_Bytes/range,PRBs_DL_Current/range,0.9745550575943225,96
TX_Bytes/range,PRB_Utilization_DL/range,0.9745550149727905,96
PRBs_DL_Current/mean,PRB_Utilization_DL/mean,0.9999999999999581,96
PRBs_DL_Current/mean,DL_NumberOfPackets/mean,0.9695431700560504,96
PRBs_DL_Current/std,PRB_Utilization_DL/std,0.9999999999941923,96
PRBs_DL_Current/range,PRB_Utilization_DL/range,0.9999999999929653,96
PRBs_DL_Current/mean_abs_diff,PRB_Utilization_DL/mean_abs_diff,0.9999999999891291,96
PRBs_UL_Current/mean,PRB_Utilization_UL/mean,0.9999999980938773,96
PRBs_UL_Current/std,PRB_Utilization_UL/std,0.9999999989913403,96
PRBs_UL_Current/range,PRB_Utilization_UL/range,0.9999999957962691,96
PRBs_UL_Current/mean_abs_diff,PRB_Utilization_UL/mean_abs_diff,0.9999999971612386,96
PRB_Utilization_DL/mean,DL_NumberOfPackets/mean,0.9695431717232171,96
DL_NumberOfPackets/std,DL_NumberOfPackets/mean_abs_diff,0.9672332073524116,96
