algorithm,config_index,seed,params,validation_mrr,threshold,fit_seconds,status
stat_mad,0,42,{'context_weight': 0.0},1.0,12.662000207078872,3.260001540184021e-05,SUCCESS
stat_mad,0,123,{'context_weight': 0.0},1.0,12.662000207078872,3.839994315057993e-05,SUCCESS
stat_mad,1,42,{'context_weight': 0.3},1.0,12.662000207078872,2.429995220154524e-05,SUCCESS
stat_mad,1,123,{'context_weight': 0.3},1.0,12.662000207078872,3.6100042052567005e-05,SUCCESS
stat_ewma,0,42,{'context_weight': 0.0},1.0,9.28422350930811,5.910010077059269e-05,SUCCESS
stat_ewma,0,123,{'context_weight': 0.0},1.0,9.28422350930811,2.8199981898069382e-05,SUCCESS
stat_ewma,1,42,{'context_weight': 0.3},1.0,9.28422350930811,1.6900012269616127e-05,SUCCESS
stat_ewma,1,123,{'context_weight': 0.3},1.0,9.28422350930811,3.459991421550512e-05,SUCCESS
ml_logistic,0,42,"{'lr': 0.02, 'epochs': 80, 'l2': 0.001}",1.0,0.9819817365915499,0.03559450001921505,SUCCESS
ml_logistic,0,123,"{'lr': 0.02, 'epochs': 80, 'l2': 0.001}",1.0,0.9839170421307034,0.04303469997830689,SUCCESS
ml_logistic,1,42,"{'lr': 0.02, 'epochs': 80, 'l2': 0.03}",1.0,0.9760752121841071,0.03208599996287376,SUCCESS
ml_logistic,1,123,"{'lr': 0.02, 'epochs': 80, 'l2': 0.03}",1.0,0.978517834251773,0.02940240001771599,SUCCESS
ml_pca,0,42,{'components': 2},1.0,0.15918665815383032,0.0002636000281199813,SUCCESS
ml_pca,0,123,{'components': 2},1.0,0.15918665815383032,0.00020250002853572369,SUCCESS
ml_pca,1,42,{'components': 4},1.0,1.3568407569801403e-28,0.0004159999080002308,SUCCESS
ml_pca,1,123,{'components': 4},1.0,1.3568407569801403e-28,0.00023910007439553738,SUCCESS
dl_mlp,0,42,"{'hidden': [16, 8], 'lr': 0.01, 'epochs': 80, 'l2': 0.001}",1.0,0.9892199811869927,0.09250060003250837,SUCCESS
dl_mlp,0,123,"{'hidden': [16, 8], 'lr': 0.01, 'epochs': 80, 'l2': 0.001}",1.0,0.9944651662305719,0.07845180004369467,SUCCESS
dl_mlp,1,42,"{'hidden': [32, 16], 'lr': 0.005, 'epochs': 80, 'l2': 0.01}",1.0,0.9950730642614671,0.09067389997653663,SUCCESS
dl_mlp,1,123,"{'hidden': [32, 16], 'lr': 0.005, 'epochs': 80, 'l2': 0.01}",1.0,0.9948617300028385,0.0994522999972105,SUCCESS
dl_autoencoder,0,42,"{'hidden': [16, 4, 16], 'lr': 0.005, 'epochs': 80}",1.0,169.31214590507378,0.12091649998910725,SUCCESS
dl_autoencoder,0,123,"{'hidden': [16, 4, 16], 'lr': 0.005, 'epochs': 80}",1.0,167.2737547614266,0.16650020005181432,SUCCESS
dl_autoencoder,1,42,"{'hidden': [24, 8, 24], 'lr': 0.005, 'epochs': 80}",1.0,162.50399453313415,0.1534267000388354,SUCCESS
dl_autoencoder,1,123,"{'hidden': [24, 8, 24], 'lr': 0.005, 'epochs': 80}",1.0,167.16812455915232,0.1908693000441417,SUCCESS
