feature,split,n,missing,mean,std,p01,p50,p99,constant,mean_shift_train_sd
cdr/demo/demo-ocs/CDR_Recurring_fail/unknown/amount_coverage,test,9,0,0.0,0.0,0.0,0.0,0.0,True,0.0
cdr/demo/demo-ocs/CDR_Recurring_fail/unknown/amount_coverage,train,15,0,0.0,0.0,0.0,0.0,0.0,True,0.0
cdr/demo/demo-ocs/CDR_Recurring_fail/unknown/cdr_count,test,9,0,30.0,0.0,30.0,30.0,30.0,True,0.5
cdr/demo/demo-ocs/CDR_Recurring_fail/unknown/cdr_count,train,15,0,26.0,8.0,10.0,30.0,30.0,False,0.0
cdr/demo/demo-ocs/CDR_Recurring_fail/unknown/charge_mean,test,9,9,,,,,,False,
cdr/demo/demo-ocs/CDR_Recurring_fail/unknown/charge_mean,train,15,15,,,,,,False,
cdr/demo/demo-ocs/CDR_Recurring_fail/unknown/charge_sum,test,9,9,,,,,,False,
cdr/demo/demo-ocs/CDR_Recurring_fail/unknown/charge_sum,train,15,15,,,,,,False,
cdr/demo/demo-ocs/CDR_Recurring_fail/unknown/fail_rate,test,9,0,1.0,0.0,1.0,1.0,1.0,True,0.0
cdr/demo/demo-ocs/CDR_Recurring_fail/unknown/fail_rate,train,15,0,1.0,0.0,1.0,1.0,1.0,True,0.0
cdr/demo/demo-ocs/CDR_Recurring_fail/unknown/failure_count,test,9,0,30.0,0.0,30.0,30.0,30.0,True,0.5
cdr/demo/demo-ocs/CDR_Recurring_fail/unknown/failure_count,train,15,0,26.0,8.0,10.0,30.0,30.0,False,0.0
cdr/demo/demo-ocs/CDR_Recurring_fail/unknown/late_rate,test,9,0,0.0,0.0,0.0,0.0,0.0,True,0.0
cdr/demo/demo-ocs/CDR_Recurring_fail/unknown/late_rate,train,15,0,0.0,0.0,0.0,0.0,0.0,True,0.0
cdr/demo/demo-ocs/CDR_Recurring_fail/unknown/negative_charge_rate,test,9,9,,,,,,False,
cdr/demo/demo-ocs/CDR_Recurring_fail/unknown/negative_charge_rate,train,15,15,,,,,,False,
cdr/demo/demo-ocs/CDR_Recurring_fail/unknown/result_coverage,test,9,0,1.0,0.0,1.0,1.0,1.0,True,0.0
cdr/demo/demo-ocs/CDR_Recurring_fail/unknown/result_coverage,train,15,0,1.0,0.0,1.0,1.0,1.0,True,0.0
cdr/demo/demo-ocs/CDR_Recurring_fail/unknown/success_count,test,9,0,0.0,0.0,0.0,0.0,0.0,True,0.0
cdr/demo/demo-ocs/CDR_Recurring_fail/unknown/success_count,train,15,0,0.0,0.0,0.0,0.0,0.0,True,0.0
cdr/demo/demo-ocs/CDR_Recurring_fail/unknown/zero_charge_rate,test,9,9,,,,,,False,
cdr/demo/demo-ocs/CDR_Recurring_fail/unknown/zero_charge_rate,train,15,15,,,,,,False,
cdr/demo/demo-ocs/CDR_Recurring_success/unknown/amount_coverage,test,9,0,0.0,0.0,0.0,0.0,0.0,True,0.0
cdr/demo/demo-ocs/CDR_Recurring_success/unknown/amount_coverage,train,15,0,0.0,0.0,0.0,0.0,0.0,True,0.0
cdr/demo/demo-ocs/CDR_Recurring_success/unknown/cdr_count,test,9,0,30.0,0.0,30.0,30.0,30.0,True,0.5
cdr/demo/demo-ocs/CDR_Recurring_success/unknown/cdr_count,train,15,0,26.0,8.0,10.0,30.0,30.0,False,0.0
cdr/demo/demo-ocs/CDR_Recurring_success/unknown/charge_mean,test,9,9,,,,,,False,
cdr/demo/demo-ocs/CDR_Recurring_success/unknown/charge_mean,train,15,15,,,,,,False,
cdr/demo/demo-ocs/CDR_Recurring_success/unknown/charge_sum,test,9,9,,,,,,False,
cdr/demo/demo-ocs/CDR_Recurring_success/unknown/charge_sum,train,15,15,,,,,,False,
cdr/demo/demo-ocs/CDR_Recurring_success/unknown/fail_rate,test,9,0,0.0,0.0,0.0,0.0,0.0,True,0.0
cdr/demo/demo-ocs/CDR_Recurring_success/unknown/fail_rate,train,15,0,0.0,0.0,0.0,0.0,0.0,True,0.0
cdr/demo/demo-ocs/CDR_Recurring_success/unknown/failure_count,test,9,0,0.0,0.0,0.0,0.0,0.0,True,0.0
cdr/demo/demo-ocs/CDR_Recurring_success/unknown/failure_count,train,15,0,0.0,0.0,0.0,0.0,0.0,True,0.0
cdr/demo/demo-ocs/CDR_Recurring_success/unknown/late_rate,test,9,0,0.0,0.0,0.0,0.0,0.0,True,0.0
cdr/demo/demo-ocs/CDR_Recurring_success/unknown/late_rate,train,15,0,0.0,0.0,0.0,0.0,0.0,True,0.0
cdr/demo/demo-ocs/CDR_Recurring_success/unknown/negative_charge_rate,test,9,9,,,,,,False,
cdr/demo/demo-ocs/CDR_Recurring_success/unknown/negative_charge_rate,train,15,15,,,,,,False,
cdr/demo/demo-ocs/CDR_Recurring_success/unknown/result_coverage,test,9,0,1.0,0.0,1.0,1.0,1.0,True,0.0
cdr/demo/demo-ocs/CDR_Recurring_success/unknown/result_coverage,train,15,0,1.0,0.0,1.0,1.0,1.0,True,0.0
cdr/demo/demo-ocs/CDR_Recurring_success/unknown/success_count,test,9,0,30.0,0.0,30.0,30.0,30.0,True,0.5
cdr/demo/demo-ocs/CDR_Recurring_success/unknown/success_count,train,15,0,26.0,8.0,10.0,30.0,30.0,False,0.0
cdr/demo/demo-ocs/CDR_Recurring_success/unknown/zero_charge_rate,test,9,9,,,,,,False,
cdr/demo/demo-ocs/CDR_Recurring_success/unknown/zero_charge_rate,train,15,15,,,,,,False,
"cpu_cores|[""pod-a"", ""cpu_cores"", {""namespace"": ""demo-ocs""}]",test,9,6,0.5077316036271265,0.29889891471051133,0.29565360345015546,0.2971338126996913,0.917771527275887,False,70.74123908177188
"cpu_cores|[""pod-a"", ""cpu_cores"", {""namespace"": ""demo-ocs""}]",train,15,10,0.3024330744801553,0.0029021053604907972,0.29903727164648525,0.301277584071212,0.30678249477876735,False,0.0
"cpu_cores|[""pod-b"", ""cpu_cores"", {""namespace"": ""demo-ocs""}]",test,9,6,0.30202947886313275,0.002647317753418112,0.29892017380861174,0.3018892483777441,0.305270600573919,False,1.5100574752131437
"cpu_cores|[""pod-b"", ""cpu_cores"", {""namespace"": ""demo-ocs""}]",train,15,10,0.29669985164708196,0.0035294201072038783,0.292206331502419,0.2961372715534007,0.30215435612268593,False,0.0
"cpu_cores|[""pod-c"", ""cpu_cores"", {""namespace"": ""demo-ocs""}]",test,9,6,0.2991443890345471,0.0027596033012843775,0.29554211621625404,0.2998920778549567,0.3020438343616551,False,0.5405987039227638
"cpu_cores|[""pod-c"", ""cpu_cores"", {""namespace"": ""demo-ocs""}]",train,15,10,0.29700303135687023,0.0039610854819637316,0.2914004702006162,0.29813800991689526,0.3021646467649499,False,0.0
"latency_ms|[""pod-a"", ""latency_ms"", {""namespace"": ""demo-ocs""}]",test,9,6,20.113838916316265,0.16803158897264345,19.907218981508567,20.124806915200157,20.310148932173096,False,2.9207280536790354
"latency_ms|[""pod-a"", ""latency_ms"", {""namespace"": ""demo-ocs""}]",train,15,10,19.65689862688332,0.15644739292224447,19.387650766108962,19.677849552396534,19.834668545023604,False,0.0
"latency_ms|[""pod-b"", ""latency_ms"", {""namespace"": ""demo-ocs""}]",test,9,6,21.169961667351682,1.429557723069045,19.940128195082725,20.406355395162034,23.117585035478903,False,6.040700381075421
"latency_ms|[""pod-b"", ""latency_ms"", {""namespace"": ""demo-ocs""}]",train,15,10,19.780273268911053,0.23005418424563945,19.41582373695435,19.818920328596597,20.032055354570314,False,0.0
"latency_ms|[""pod-c"", ""latency_ms"", {""namespace"": ""demo-ocs""}]",test,9,6,19.443974409332217,0.6651872728487375,18.89677719576736,19.058600557159178,20.353423043939735,False,-1.4245953028790488
"latency_ms|[""pod-c"", ""latency_ms"", {""namespace"": ""demo-ocs""}]",train,15,10,19.98456056313552,0.37946647213478885,19.41696219201992,20.197798759414,20.426776712748552,False,0.0
"request_total_rate|[""pod-a"", ""request_total"", {""namespace"": ""demo-ocs""}]",test,9,6,1.1061302681992338,0.040806846123724226,1.0530229885057474,1.1166666666666667,1.1493333333333333,False,-0.15839312321026916
"request_total_rate|[""pod-a"", ""request_total"", {""namespace"": ""demo-ocs""}]",train,15,10,1.1131111111111112,0.04407289136290484,1.0574666666666668,1.1222222222222225,1.1810666666666667,False,0.0
"request_total_rate|[""pod-b"", ""request_total"", {""namespace"": ""demo-ocs""}]",test,9,6,1.084176245210728,0.03720971329260953,1.0439839080459772,1.0758620689655172,1.1321839080459768,False,0.10498622069944956
"request_total_rate|[""pod-b"", ""request_total"", {""namespace"": ""demo-ocs""}]",train,15,10,1.0795555555555556,0.04401234394750051,1.0209777777777778,1.0766666666666667,1.1360000000000001,False,0.0
"request_total_rate|[""pod-c"", ""request_total"", {""namespace"": ""demo-ocs""}]",test,9,6,1.097816091954023,0.034253002134038285,1.0543356321839081,1.103448275862069,1.1360022988505747,False,1.327384855852091
"request_total_rate|[""pod-c"", ""request_total"", {""namespace"": ""demo-ocs""}]",train,15,10,1.0818550724637686,0.012024409815952375,1.0668000000000002,1.082608695652174,1.0965333333333336,False,0.0
