algorithm,seed,case,group,outcome,score,ranking_error,root_coverage,inference_error,review_status
stat_mad,42,re1ob_checkoutservice_cpu_1,checkoutservice-cpu,TP,100.0,False,1.0,,not_requested
stat_mad,42,re1ob_checkoutservice_cpu_1-control,checkoutservice-cpu,TN,8.901559408109547,False,,,not_requested
stat_mad,42,re1ob_checkoutservice_cpu_2,checkoutservice-cpu,TP,100.0,False,1.0,,not_requested
stat_mad,42,re1ob_checkoutservice_cpu_2-control,checkoutservice-cpu,FP,100.0,False,,,pending
stat_mad,42,re1ob_checkoutservice_cpu_3,checkoutservice-cpu,TP,100.0,False,1.0,,not_requested
stat_mad,42,re1ob_checkoutservice_cpu_3-control,checkoutservice-cpu,TN,13.937255244506996,False,,,not_requested
stat_mad,42,re1ob_checkoutservice_cpu_4,checkoutservice-cpu,TP,100.0,False,1.0,,not_requested
stat_mad,42,re1ob_checkoutservice_cpu_4-control,checkoutservice-cpu,TN,19.45496753292508,False,,,not_requested
stat_mad,42,re1ob_checkoutservice_cpu_5,checkoutservice-cpu,TP,100.0,False,1.0,,not_requested
stat_mad,42,re1ob_checkoutservice_cpu_5-control,checkoutservice-cpu,TN,18.109134616446557,False,,,not_requested
stat_mad,123,re1ob_checkoutservice_cpu_1,checkoutservice-cpu,TP,100.0,False,1.0,,not_requested
stat_mad,123,re1ob_checkoutservice_cpu_1-control,checkoutservice-cpu,TN,8.901559408109547,False,,,not_requested
stat_mad,123,re1ob_checkoutservice_cpu_2,checkoutservice-cpu,TP,100.0,False,1.0,,not_requested
stat_mad,123,re1ob_checkoutservice_cpu_2-control,checkoutservice-cpu,FP,100.0,False,,,pending
stat_mad,123,re1ob_checkoutservice_cpu_3,checkoutservice-cpu,TP,100.0,False,1.0,,not_requested
stat_mad,123,re1ob_checkoutservice_cpu_3-control,checkoutservice-cpu,TN,13.937255244506996,False,,,not_requested
stat_mad,123,re1ob_checkoutservice_cpu_4,checkoutservice-cpu,TP,100.0,False,1.0,,not_requested
stat_mad,123,re1ob_checkoutservice_cpu_4-control,checkoutservice-cpu,TN,19.45496753292508,False,,,not_requested
stat_mad,123,re1ob_checkoutservice_cpu_5,checkoutservice-cpu,TP,100.0,False,1.0,,not_requested
stat_mad,123,re1ob_checkoutservice_cpu_5-control,checkoutservice-cpu,TN,18.109134616446557,False,,,not_requested
stat_ewma,42,re1ob_checkoutservice_cpu_1,checkoutservice-cpu,TP,88.23509999999999,False,1.0,,not_requested
stat_ewma,42,re1ob_checkoutservice_cpu_1-control,checkoutservice-cpu,TN,4.73309467517449,False,,,not_requested
stat_ewma,42,re1ob_checkoutservice_cpu_2,checkoutservice-cpu,TP,86.24210048923524,False,1.0,,not_requested
stat_ewma,42,re1ob_checkoutservice_cpu_2-control,checkoutservice-cpu,TN,30.0,False,,,not_requested
stat_ewma,42,re1ob_checkoutservice_cpu_3,checkoutservice-cpu,TP,83.18108312270357,False,1.0,,not_requested
stat_ewma,42,re1ob_checkoutservice_cpu_3-control,checkoutservice-cpu,TN,7.415743849766132,False,,,not_requested
stat_ewma,42,re1ob_checkoutservice_cpu_4,checkoutservice-cpu,TP,83.83489726111631,False,1.0,,not_requested
stat_ewma,42,re1ob_checkoutservice_cpu_4-control,checkoutservice-cpu,TN,8.79129953536738,False,,,not_requested
stat_ewma,42,re1ob_checkoutservice_cpu_5,checkoutservice-cpu,TP,85.43694001375724,False,1.0,,not_requested
stat_ewma,42,re1ob_checkoutservice_cpu_5-control,checkoutservice-cpu,TN,8.921773540985651,False,,,not_requested
stat_ewma,123,re1ob_checkoutservice_cpu_1,checkoutservice-cpu,TP,88.23509999999999,False,1.0,,not_requested
stat_ewma,123,re1ob_checkoutservice_cpu_1-control,checkoutservice-cpu,TN,4.73309467517449,False,,,not_requested
stat_ewma,123,re1ob_checkoutservice_cpu_2,checkoutservice-cpu,TP,86.24210048923524,False,1.0,,not_requested
stat_ewma,123,re1ob_checkoutservice_cpu_2-control,checkoutservice-cpu,TN,30.0,False,,,not_requested
stat_ewma,123,re1ob_checkoutservice_cpu_3,checkoutservice-cpu,TP,83.18108312270357,False,1.0,,not_requested
stat_ewma,123,re1ob_checkoutservice_cpu_3-control,checkoutservice-cpu,TN,7.415743849766132,False,,,not_requested
stat_ewma,123,re1ob_checkoutservice_cpu_4,checkoutservice-cpu,TP,83.83489726111631,False,1.0,,not_requested
stat_ewma,123,re1ob_checkoutservice_cpu_4-control,checkoutservice-cpu,TN,8.79129953536738,False,,,not_requested
stat_ewma,123,re1ob_checkoutservice_cpu_5,checkoutservice-cpu,TP,85.43694001375724,False,1.0,,not_requested
stat_ewma,123,re1ob_checkoutservice_cpu_5-control,checkoutservice-cpu,TN,8.921773540985651,False,,,not_requested
ml_logistic,42,re1ob_checkoutservice_cpu_1,checkoutservice-cpu,TP,0.9943266777371065,False,1.0,,not_requested
ml_logistic,42,re1ob_checkoutservice_cpu_1-control,checkoutservice-cpu,TN,0.17293472958601488,False,,,not_requested
ml_logistic,42,re1ob_checkoutservice_cpu_2,checkoutservice-cpu,TP,0.9939519906424507,False,1.0,,not_requested
ml_logistic,42,re1ob_checkoutservice_cpu_2-control,checkoutservice-cpu,TN,0.9172994256035749,False,,,not_requested
ml_logistic,42,re1ob_checkoutservice_cpu_3,checkoutservice-cpu,TP,0.9933238752842171,False,1.0,,not_requested
ml_logistic,42,re1ob_checkoutservice_cpu_3-control,checkoutservice-cpu,TN,0.21712471935348995,False,,,not_requested
ml_logistic,42,re1ob_checkoutservice_cpu_4,checkoutservice-cpu,TP,0.9934665068656418,False,1.0,,not_requested
ml_logistic,42,re1ob_checkoutservice_cpu_4-control,checkoutservice-cpu,TN,0.2590526042406917,False,,,not_requested
ml_logistic,42,re1ob_checkoutservice_cpu_5,checkoutservice-cpu,TP,0.9937937342116191,False,1.0,,not_requested
ml_logistic,42,re1ob_checkoutservice_cpu_5-control,checkoutservice-cpu,TN,0.25324153060634674,False,,,not_requested
ml_logistic,123,re1ob_checkoutservice_cpu_1,checkoutservice-cpu,TP,0.9979530278327063,False,1.0,,not_requested
ml_logistic,123,re1ob_checkoutservice_cpu_1-control,checkoutservice-cpu,TN,0.16392066402232122,False,,,not_requested
ml_logistic,123,re1ob_checkoutservice_cpu_2,checkoutservice-cpu,TP,0.997304806385729,False,1.0,,not_requested
ml_logistic,123,re1ob_checkoutservice_cpu_2-control,checkoutservice-cpu,TN,0.5135243669772988,False,,,not_requested
ml_logistic,123,re1ob_checkoutservice_cpu_3,checkoutservice-cpu,TP,0.9958950206682932,False,1.0,,not_requested
ml_logistic,123,re1ob_checkoutservice_cpu_3-control,checkoutservice-cpu,TN,0.1969958191543458,False,,,not_requested
ml_logistic,123,re1ob_checkoutservice_cpu_4,checkoutservice-cpu,TP,0.9962435511154435,False,1.0,,not_requested
ml_logistic,123,re1ob_checkoutservice_cpu_4-control,checkoutservice-cpu,TN,0.21147502282135663,False,,,not_requested
ml_logistic,123,re1ob_checkoutservice_cpu_5,checkoutservice-cpu,TP,0.9969881419616259,False,1.0,,not_requested
ml_logistic,123,re1ob_checkoutservice_cpu_5-control,checkoutservice-cpu,TN,0.2146316895590214,False,,,not_requested
ml_pca,42,re1ob_checkoutservice_cpu_1,checkoutservice-cpu,TP,0.6207709468583738,False,1.0,,not_requested
ml_pca,42,re1ob_checkoutservice_cpu_1-control,checkoutservice-cpu,TN,0.0012931764404500799,False,,,not_requested
ml_pca,42,re1ob_checkoutservice_cpu_2,checkoutservice-cpu,TP,0.6207709468583738,False,1.0,,not_requested
ml_pca,42,re1ob_checkoutservice_cpu_2-control,checkoutservice-cpu,TN,0.07871342032624959,False,,,not_requested
ml_pca,42,re1ob_checkoutservice_cpu_3,checkoutservice-cpu,TP,0.6207709468583738,False,1.0,,not_requested
ml_pca,42,re1ob_checkoutservice_cpu_3-control,checkoutservice-cpu,TN,0.001444593114515585,False,,,not_requested
ml_pca,42,re1ob_checkoutservice_cpu_4,checkoutservice-cpu,TP,0.6207709468583738,False,1.0,,not_requested
ml_pca,42,re1ob_checkoutservice_cpu_4-control,checkoutservice-cpu,TN,0.0011006673719605683,False,,,not_requested
ml_pca,42,re1ob_checkoutservice_cpu_5,checkoutservice-cpu,TP,0.6207709468583738,False,1.0,,not_requested
ml_pca,42,re1ob_checkoutservice_cpu_5-control,checkoutservice-cpu,TN,0.05050808684034706,False,,,not_requested
ml_pca,123,re1ob_checkoutservice_cpu_1,checkoutservice-cpu,TP,0.6207709468583738,False,1.0,,not_requested
ml_pca,123,re1ob_checkoutservice_cpu_1-control,checkoutservice-cpu,TN,0.0012931764404500799,False,,,not_requested
ml_pca,123,re1ob_checkoutservice_cpu_2,checkoutservice-cpu,TP,0.6207709468583738,False,1.0,,not_requested
ml_pca,123,re1ob_checkoutservice_cpu_2-control,checkoutservice-cpu,TN,0.07871342032624959,False,,,not_requested
ml_pca,123,re1ob_checkoutservice_cpu_3,checkoutservice-cpu,TP,0.6207709468583738,False,1.0,,not_requested
ml_pca,123,re1ob_checkoutservice_cpu_3-control,checkoutservice-cpu,TN,0.001444593114515585,False,,,not_requested
ml_pca,123,re1ob_checkoutservice_cpu_4,checkoutservice-cpu,TP,0.6207709468583738,False,1.0,,not_requested
ml_pca,123,re1ob_checkoutservice_cpu_4-control,checkoutservice-cpu,TN,0.0011006673719605683,False,,,not_requested
ml_pca,123,re1ob_checkoutservice_cpu_5,checkoutservice-cpu,TP,0.6207709468583738,False,1.0,,not_requested
ml_pca,123,re1ob_checkoutservice_cpu_5-control,checkoutservice-cpu,TN,0.05050808684034706,False,,,not_requested
dl_mlp,42,re1ob_checkoutservice_cpu_1,checkoutservice-cpu,TP,0.9858806407916944,False,1.0,,not_requested
dl_mlp,42,re1ob_checkoutservice_cpu_1-control,checkoutservice-cpu,TN,0.008576126378364569,False,,,not_requested
dl_mlp,42,re1ob_checkoutservice_cpu_2,checkoutservice-cpu,TP,0.9855256081669151,False,1.0,,not_requested
dl_mlp,42,re1ob_checkoutservice_cpu_2-control,checkoutservice-cpu,TN,0.08255568422083717,False,,,not_requested
dl_mlp,42,re1ob_checkoutservice_cpu_3,checkoutservice-cpu,TP,0.9846700681342772,False,1.0,,not_requested
dl_mlp,42,re1ob_checkoutservice_cpu_3-control,checkoutservice-cpu,TN,0.00953362432966278,False,,,not_requested
dl_mlp,42,re1ob_checkoutservice_cpu_4,checkoutservice-cpu,TP,0.9848922362667479,False,1.0,,not_requested
dl_mlp,42,re1ob_checkoutservice_cpu_4-control,checkoutservice-cpu,TN,0.010255951871302535,False,,,not_requested
dl_mlp,42,re1ob_checkoutservice_cpu_5,checkoutservice-cpu,TP,0.9853443464112505,False,1.0,,not_requested
dl_mlp,42,re1ob_checkoutservice_cpu_5-control,checkoutservice-cpu,TN,0.01018971295976321,False,,,not_requested
dl_mlp,123,re1ob_checkoutservice_cpu_1,checkoutservice-cpu,TP,0.9939922692275938,False,1.0,,not_requested
dl_mlp,123,re1ob_checkoutservice_cpu_1-control,checkoutservice-cpu,TN,0.005401771419800494,False,,,not_requested
dl_mlp,123,re1ob_checkoutservice_cpu_2,checkoutservice-cpu,TP,0.9939296819074541,False,1.0,,not_requested
dl_mlp,123,re1ob_checkoutservice_cpu_2-control,checkoutservice-cpu,TN,0.02576975591063312,False,,,not_requested
dl_mlp,123,re1ob_checkoutservice_cpu_3,checkoutservice-cpu,TP,0.9937430573493319,False,1.0,,not_requested
dl_mlp,123,re1ob_checkoutservice_cpu_3-control,checkoutservice-cpu,TN,0.006297836839696237,False,,,not_requested
dl_mlp,123,re1ob_checkoutservice_cpu_4,checkoutservice-cpu,TP,0.9937962358226797,False,1.0,,not_requested
dl_mlp,123,re1ob_checkoutservice_cpu_4-control,checkoutservice-cpu,TN,0.006370602970640828,False,,,not_requested
dl_mlp,123,re1ob_checkoutservice_cpu_5,checkoutservice-cpu,TP,0.9938942994671109,False,1.0,,not_requested
dl_mlp,123,re1ob_checkoutservice_cpu_5-control,checkoutservice-cpu,TN,0.007757555867496166,False,,,not_requested
dl_autoencoder,42,re1ob_checkoutservice_cpu_1,checkoutservice-cpu,TP,121.31096180296807,False,1.0,,not_requested
dl_autoencoder,42,re1ob_checkoutservice_cpu_1-control,checkoutservice-cpu,TN,0.002418696733640143,False,,,not_requested
dl_autoencoder,42,re1ob_checkoutservice_cpu_2,checkoutservice-cpu,TP,121.31096180296807,False,1.0,,not_requested
dl_autoencoder,42,re1ob_checkoutservice_cpu_2-control,checkoutservice-cpu,TN,4.585667395977965,False,,,not_requested
dl_autoencoder,42,re1ob_checkoutservice_cpu_3,checkoutservice-cpu,TP,121.31096180296807,False,1.0,,not_requested
dl_autoencoder,42,re1ob_checkoutservice_cpu_3-control,checkoutservice-cpu,TN,0.007629007727645524,False,,,not_requested
dl_autoencoder,42,re1ob_checkoutservice_cpu_4,checkoutservice-cpu,TP,121.31096180296807,False,1.0,,not_requested
dl_autoencoder,42,re1ob_checkoutservice_cpu_4-control,checkoutservice-cpu,TN,0.007288177559434921,False,,,not_requested
dl_autoencoder,42,re1ob_checkoutservice_cpu_5,checkoutservice-cpu,TP,121.31096180296807,False,1.0,,not_requested
dl_autoencoder,42,re1ob_checkoutservice_cpu_5-control,checkoutservice-cpu,TN,0.1653972365047878,False,,,not_requested
dl_autoencoder,123,re1ob_checkoutservice_cpu_1,checkoutservice-cpu,TP,127.76722094729723,False,1.0,,not_requested
dl_autoencoder,123,re1ob_checkoutservice_cpu_1-control,checkoutservice-cpu,TN,0.005629617640977284,False,,,not_requested
dl_autoencoder,123,re1ob_checkoutservice_cpu_2,checkoutservice-cpu,TP,127.76722094729723,False,1.0,,not_requested
dl_autoencoder,123,re1ob_checkoutservice_cpu_2-control,checkoutservice-cpu,TN,11.266004865386897,False,,,not_requested
dl_autoencoder,123,re1ob_checkoutservice_cpu_3,checkoutservice-cpu,TP,127.76722094729723,False,1.0,,not_requested
dl_autoencoder,123,re1ob_checkoutservice_cpu_3-control,checkoutservice-cpu,TN,0.050168808964970245,False,,,not_requested
dl_autoencoder,123,re1ob_checkoutservice_cpu_4,checkoutservice-cpu,TP,127.76722094729723,False,1.0,,not_requested
dl_autoencoder,123,re1ob_checkoutservice_cpu_4-control,checkoutservice-cpu,TN,0.0577922800679234,False,,,not_requested
dl_autoencoder,123,re1ob_checkoutservice_cpu_5,checkoutservice-cpu,TP,127.76722094729723,False,1.0,,not_requested
dl_autoencoder,123,re1ob_checkoutservice_cpu_5-control,checkoutservice-cpu,TN,0.28203089327487857,False,,,not_requested
