time,adservice_cpu,cartservice_cpu,checkoutservice_cpu,currencyservice_cpu,emailservice_cpu,frontend_cpu,main_cpu,paymentservice_cpu,productcatalogservice_cpu,recommendationservice_cpu,redis_cpu,shippingservice_cpu,adservice_mem,cartservice_mem,checkoutservice_mem,currencyservice_mem,emailservice_mem,frontend_mem,main_mem,paymentservice_mem,productcatalogservice_mem,recommendationservice_mem,redis_mem,shippingservice_mem,adservice_load,cartservice_load,checkoutservice_load,currencyservice_load,emailservice_load,frontend_load,paymentservice_load,productcatalogservice_load,recommendationservice_load,shippingservice_load,adservice_latency,cartservice_latency,checkoutservice_latency,currencyservice_latency,emailservice_latency,frontend_latency,paymentservice_latency,productcatalogservice_latency,recommendationservice_latency,shippingservice_latency,frontend_error
1685554290,1.6299384011236993,5.44758508633595,1.7087611801836278,8.848320498558003,0.9611869216819843,18.26857142804051,8.306397617229525,0.5620715151627712,9.822636092757064,7.070586339777049,0.5005896664324873,1.4193826817724908,102383616.0,55186773.333333336,12133717.333333334,39569817.6,42422272.0,22641868.8,122597376.0,39608593.06666667,10059776.0,49900202.666666664,3118148.2666666666,9624234.666666666,57.4404,101.21613333333333,4.266666666666667,321.26500000000004,4.266666666666667,52.53333333333333,4.268533333333334,560.4512666666667,72.18693333333334,32.03426666666667,0.004873966388982748,0.0076110507778759055,0.04848686157782402,0.007981841792115339,0.004600000000000001,0.303848460944562,0.004600000000000001,0.004897380226098068,0.010171198596635598,0.004677240065632716,0.0
1685554320,1.8403680448828608,6.388611258470056,1.590900663625795,8.229278060783779,0.9654646750756036,18.733530228602014,7.676337416012225,0.5470043505677286,10.142828991925153,8.271437415215408,0.5656827465978735,1.3758024847978163,102375424.0,55204522.666666664,12430950.4,39390685.86666667,42422272.0,24671436.8,122599833.6,39802470.4,10378581.333333334,49897472.0,3127159.466666667,9522653.866666667,31.075133333333333,60.854733333333336,1.6705333333333334,195.88053333333335,1.5447333333333333,28.454433333333334,1.1963666666666666,322.10246666666666,44.70956666666667,13.279833333333332,0.03451831229759503,0.08003550833203509,0.09260845847419877,0.03975664810535363,0.004600000000000001,1.8255724210553306,0.004600000000000001,0.06362113533657691,0.09367129898940325,0.013019003011375157,0.0
1685554350,2.4364391055443693,5.381548793989755,1.063573047626971,5.480306848386755,0.8515273604520421,18.2180971176392,5.503917381122396,0.40789912811678686,9.728505455539072,11.74412643297336,0.5095825997873303,0.9711181922128456,102368870.4,55189504.0,12405418.666666666,38848921.6,42422272.0,26038408.533333335,122609664.0,40077721.6,10217881.6,50183236.266666666,3122517.3333333335,9457117.866666667,38.0038,57.682900000000004,1.8450333333333333,196.0883333333333,1.7774333333333334,27.3451,1.9159,337.4299333333333,39.2125,15.335,0.09100126030795756,0.17917200706284772,0.432778370322488,0.1172366513088432,0.004600000000000001,4.345637261662055,0.004600000000000001,0.203599468238294,0.28639817131571915,0.04986732129572139,0.0
1685554380,2.6644667525009287,5.242796985050346,0.9716236219056283,4.5235210736844484,0.8278781704416246,18.341191653940147,5.225326884446631,0.42996948465213064,10.355200914640458,12.59341325191912,0.4501540618840664,0.9050633104320818,102385800.53333333,55223227.733333334,12227379.2,38938487.46666667,42422272.0,26969702.4,122610210.13333334,40009045.333333336,10216243.2,50052300.8,3082649.6,9501081.6,26.53826666666667,56.432300000000005,1.8206,165.16856666666666,1.9107333333333334,31.7192,2.2969999999999997,309.37696666666665,42.90943333333334,18.330466666666666,0.09865369963521341,0.22059448886640393,0.4948718386867256,0.1611887753223701,0.004612100216517167,4.723250673351428,0.004600000000000001,0.23110557508608923,0.3787983102684381,0.07260178127276323,0.0
1685554410,2.4751171079840386,4.640200182029649,1.015861984697911,4.464942159050112,0.879416475858103,17.636948735429463,5.15482993525759,0.4140382863772859,9.995268818689109,11.684900859314128,0.48652551801271143,0.9123246859440538,102299101.86666666,55141717.333333336,12285542.4,38787208.53333333,42422272.0,26306969.6,122623180.8,39781717.333333336,10307720.533333333,49897472.0,3092480.0,9425032.533333333,39.77419999999999,68.67463333333333,2.4156666666666666,190.82000000000002,2.418133333333333,34.03013333333333,2.4756,355.7778333333334,45.253400000000006,18.730533333333334,0.09522987490490019,0.34087614979838676,0.6336279761904763,0.16403387213016826,0.004696636961909353,4.784471742235149,0.004600000000000001,0.23396764057849476,0.38717568805051994,0.0757814005493576,0.0
1685554440,2.784524159195457,5.109781009574315,1.1489706676569391,4.6414896060096185,0.8975023037776888,17.59940968494691,5.2784008892089185,0.4171913975217382,10.72609834180066,11.34834720208404,0.43542369658420105,0.9107096266145629,102452838.4,55199744.0,12256051.2,38840593.06666667,42422272.0,26661546.666666668,122626048.0,40212070.4,10543377.066666666,49897472.0,3087837.8666666667,9430766.933333334,31.323466666666665,54.0516,1.9449666666666667,181.54583333333332,1.8077333333333334,30.9072,2.1113333333333335,334.41746666666666,40.86266666666667,19.01043333333333,0.0969079129415225,0.3745387261402682,0.724223484848485,0.1752981264418657,0.004699484537099208,4.72911005099384,0.004600000000000001,0.2329142716218832,0.31484723440308376,0.06501469625876118,0.0
1685554470,2.573684819702503,5.287320857288574,1.0327494664768577,4.534351631003494,0.8827040410365329,17.590645644548832,5.22238856403011,0.41199179680725423,10.781441725702248,11.515458210179283,0.5849599746197521,0.9079875831606808,102491067.73333333,55142263.46666667,12244445.866666667,38867353.6,42422272.0,26864025.6,122626048.0,39947195.733333334,10347724.8,49897472.0,3083878.4,9483059.2,34.22863333333333,60.673300000000005,1.9363666666666668,166.17079999999999,1.8585333333333334,32.724399999999996,1.5356999999999998,333.23783333333336,45.39866666666667,16.057933333333335,0.0960915963822622,0.38047602046918455,0.7558227513227513,0.16300599215414732,0.004617368852459017,4.678789299182386,0.004600000000000001,0.23457886634693906,0.2835614877483439,0.04872879990386503,0.0
1685554500,2.923999372026776,5.102584956403022,0.949555279489911,4.619144817991029,0.8031520665021324,18.044403352342425,4.934917436244502,0.45139575675323873,11.096252169420682,12.541925329971003,0.6151681208467059,0.8876424142447089,102455159.46666667,55108949.333333336,12480921.6,38610397.86666667,42422272.0,26066944.0,122626048.0,40211933.86666667,10138965.333333334,49898291.2,3083468.8,9578222.933333334,33.7288,56.862700000000004,0.9992333333333333,184.12633333333332,1.0695000000000001,31.52423333333333,1.4951333333333332,313.8685,39.93286666666667,20.654899999999998,0.09702419391647708,0.4822217552108498,0.8235000000000002,0.12992735204885536,0.004600000000000001,4.6914762479272465,0.004600000000000001,0.2358240157932775,0.3498631170833255,0.05419623898425157,0.0
1685554530,2.8147238894497715,5.0373173042689,1.0312061144428817,5.353543815240692,0.8472059846478334,18.002723786498997,5.54098263864725,0.4243141138143297,8.969120491123062,11.620016525132419,0.5859936581095092,0.9087919133632277,102387712.0,55141307.733333334,12284723.2,38853290.666666664,42422272.0,26104490.666666668,122626048.0,40178892.8,10416810.666666666,49898700.8,3082376.533333333,9372740.266666668,53.16663333333334,87.85713333333334,2.8731999999999998,281.5960666666667,2.8731999999999998,49.701566666666665,2.9292333333333334,510.78799999999995,63.611200000000004,26.1361,0.09385286965179677,0.3036640130968467,0.6076013539282991,0.1111741434970084,0.004600000000000001,4.581261950411436,0.004600000000000001,0.22953011225445935,0.32426430416458885,0.062277811326962876,0.0
1685554560,2.081279322800183,5.598528290832504,1.4918090277215663,7.924289611684751,0.9370556350766199,18.643862534178968,7.43800766099076,0.4791941847945321,9.65075215458543,8.77154508721445,0.5566428745224593,1.3337660896920673,102270566.4,55144448.0,12181230.933333334,40104755.2,42422272.0,22839569.066666666,122626048.0,40396526.93333333,10511155.2,49941299.2,3081830.4,9360998.4,59.8,97.33333333333333,3.2666666666666666,318.06666666666666,3.2666666666666666,50.666666666666664,3.533333333333333,554.2,73.2,28.533333333333335,0.04835275125859604,0.1297558718036541,0.31741378066378073,0.061722593944884524,0.004600000000000001,3.451589881774433,0.004600000000000001,0.13977785542561644,0.169620820254723,0.026918826053293193,0.0
1685554590,1.7623376472327166,6.430902982705982,1.541264866789543,9.385318309303727,0.9093952468593103,19.428848847291007,8.201284672393323,0.4734282756094819,10.325343132202388,6.851754997320603,0.5192386448004712,1.393554880832823,102088977.06666666,55179400.53333333,12392311.466666667,39922892.8,42422272.0,22739899.733333334,122626048.0,40162918.4,10326016.0,49953177.6,3081693.8666666667,9434453.333333334,57.293533333333336,103.02796666666667,3.866133333333333,311.3384666666667,3.933066666666667,47.35463333333333,3.9994666666666663,577.4694333333333,74.93606666666666,28.9674,0.0047020356909992225,0.005472982553041585,0.05287509926580955,0.006686123080437799,0.004600000000000001,0.2589004424167015,0.004600000000000001,0.004751919624864399,0.00961692011787745,0.004704493110008864,0.0
1685554620,2.1917210654933155,6.254373920758544,1.3379835912193103,8.379989739620564,0.9345621148151545,18.984474804584273,7.717878181195389,0.5059950610756319,10.130565193686769,8.293456155057166,0.514323781147055,1.2458580680717573,102246946.13333334,55180492.8,12260829.866666667,39383313.06666667,42422272.0,26351752.533333335,122631782.4,38238617.6,10096640.0,49897472.0,3082376.533333333,9439232.0,37.93273333333333,56.990433333333335,2.0447333333333333,195.14503333333332,1.9458666666666666,31.95106666666667,2.2377333333333334,343.9125666666667,40.481199999999994,18.23646666666667,0.03713784236425536,0.05930907477738731,0.19567377645502643,0.04559015604622035,0.004600000000000001,1.9767107282609373,0.004600000000000001,0.09573449471569587,0.12076219620126198,0.019992698221844372,0.0
1685554650,3.004315103890447,5.148426105593814,1.1319714368053049,5.312262073882716,0.8709100301876979,17.810361585031846,5.659454224865666,0.49940043372474113,9.620989640757477,11.5880518225733,0.4704104015485371,0.9400130648206205,103324330.66666667,55103488.0,12053162.666666666,39042662.4,42422272.0,26665369.6,122638336.0,34733533.86666667,10252151.466666667,49918771.2,3088110.933333333,9451520.0,37.31186666666667,70.75479999999999,1.8996666666666668,188.43086666666667,2.0804,33.396566666666665,1.7174,360.63213333333334,42.89116666666666,15.687000000000001,0.08718707546113856,0.16435388904557666,0.43988150352733685,0.12272753286394654,0.004600000000000001,4.364631712182751,0.004600000000000001,0.22007674289949902,0.2292336810881115,0.0458466930026608,0.0
1685554680,3.1224986724647144,4.7243534415211235,1.1672505156435224,4.910812491868055,0.8441316908173895,17.440885815138493,5.262781183653285,0.4426421679064375,11.521807248317826,12.761619499082736,0.44022942289870126,0.9424808976905452,102367914.66666667,55221998.93333333,12254003.2,38901760.0,42422272.0,25911022.933333334,122641066.66666667,34887953.06666667,10702028.8,49897472.0,3198976.0,9503948.8,38.80576666666666,66.00723333333333,0.9866333333333334,193.17153333333331,1.0532333333333335,33.118566666666666,1.5364,320.7478,43.45883333333334,16.334233333333334,0.09805819785017995,0.21049726265666283,0.49028451018178665,0.16987700055044733,0.004600000000000001,4.605204949229274,0.004631177986764194,0.23293360003506774,0.24880083946015585,0.05479996713836503,0.0
1685554710,2.748315602841999,5.811635007475526,1.0425440445156993,4.733735221995237,0.8398416675787069,18.07884443894941,5.394148653231663,0.38273929585128064,10.637594252066622,12.077293313235717,0.46510131860107695,0.9117306277134886,102577766.4,55214080.0,12222190.933333334,38758400.0,42422681.6,26459204.266666666,122658816.0,34896008.53333333,10394692.266666668,49897472.0,3116236.8,9687313.066666666,31.399633333333334,59.20026666666667,2.6670000000000003,177.6547,2.671266666666667,32.730466666666665,2.1412666666666667,320.5772,39.919333333333334,17.576733333333333,0.1216702515105806,0.2269444433183048,0.7066488095238095,0.16284770367518456,0.004600000000000001,4.611566502226509,0.004664535596845631,0.23383141524381668,0.2613047214324275,0.07630523358058051,0.0
1685554740,2.731959542521937,5.44156122075303,1.0169357320519907,4.487979155745448,0.8576022981501765,18.283005548564955,5.286431915991645,0.3779883345791809,9.722112018471954,12.384179266412357,0.582701026677423,0.9138559969845467,102715392.0,55112635.733333334,12235980.8,38827895.46666667,42424456.53333333,25647104.0,122677930.66666667,35096166.4,10205866.666666666,49897472.0,3088110.933333333,9455206.4,40.240966666666665,57.428999999999995,2.0859666666666667,186.3995,2.0095666666666667,32.0499,1.9390333333333334,343.8922,46.2848,14.775,0.10298002590056629,0.33288221874086393,1.0577380952380955,0.1572384817090819,0.004600000000000001,4.656345390424883,0.004631857526600384,0.23719245455564836,0.2954105247094229,0.07544214804910994,0.0
1685554770,2.9057370839514887,5.3152199008310355,0.9841469225469572,4.530150796508137,0.8382981979371623,18.5166550657283,4.978857023527903,0.39799013267781136,9.587814058110377,11.430971093333685,0.5403861293733548,0.8385051679692723,102729045.33333333,55123831.46666667,12367325.866666667,38637568.0,42422272.0,26648439.466666665,122790707.2,35124155.733333334,10110566.4,49897472.0,3090432.0,9541495.466666667,29.918666666666663,63.446400000000004,1.556,190.20020000000002,1.8891666666666667,33.004266666666666,1.7505333333333333,342.486,46.614133333333335,15.895566666666667,0.09877644399621179,0.27916499476612644,0.7930555555555557,0.17392037561938842,0.004600000000000001,4.719534880126828,0.004600000000000001,0.23538718432876177,0.35096954559212923,0.0693734707073716,0.0
1685554800,2.8888000782094703,5.277177653862917,1.057080005136425,4.614382677101345,0.8365494372485578,18.01453157088549,5.2592029616426945,0.4412804029590109,9.350955767794854,11.476511118309642,0.38571831810821355,0.8797017640145183,102671018.66666667,55755434.666666664,12387669.333333334,38816972.8,42422272.0,26762717.866666667,122802176.0,34701312.0,10266214.4,49905664.0,3122380.8,9592968.533333333,31.9543,63.92033333333334,1.6685666666666665,187.71030000000002,1.6004333333333334,26.7908,1.2612666666666668,332.5937333333333,41.67456666666667,14.4734,0.1116535455825777,0.23054050078044452,0.4917416515843332,0.18535810426788235,0.004600000000000001,4.749201096026055,0.004600000000000001,0.23734001870091628,0.315452877200782,0.07564452330633058,0.0
1685554830,2.4130949386966507,5.839618626571376,1.2584317588969054,5.129548036070475,0.8542326890813119,17.6326130173019,5.575319940379844,0.4302450582031306,10.137802280066555,12.147221684126768,0.5426582305996084,1.0194443971623801,102653952.0,55714884.266666666,12584413.866666667,38791168.0,42422272.0,25395336.533333335,122806272.0,35028855.46666667,10520029.866666667,49901568.0,3104631.466666667,9566208.0,55.7104,94.34473333333334,3.3316666666666666,310.7318666666667,3.3986,50.95276666666667,3.7338999999999998,538.4888666666667,68.4759,28.33213333333333,0.09076278130133726,0.20046414455525874,0.44943226120857704,0.15760066272456394,0.004654872035448828,4.574737901609405,0.004600000000000001,0.23133721798139362,0.2505006189010833,0.06408838144308474,0.0
1685554860,1.9924756008204,7.451123998479637,1.6391452771457393,8.406724654199582,0.9588230593219847,18.66791826317601,7.577195253988292,0.5165204110846751,10.172645170409362,8.113915555375552,0.5488297589582237,1.392581889137817,102300603.73333333,55298730.666666664,12413337.6,39357917.86666667,42422272.0,22891588.266666666,122806272.0,34743364.266666666,10259114.666666666,49897472.0,3129344.0,9478963.2,61.266666666666666,96.93333333333334,3.6666666666666665,327.6666666666667,3.8,50.13333333333333,3.8,540.0,70.66666666666667,27.333333333333332,0.04811294488722114,0.09512656256725152,0.22386958114984434,0.06465646488980598,0.00463594300305248,3.2023680800921346,0.004600000000000001,0.13417621389054524,0.15959376034830808,0.030294543955556648,0.0
1685554890,1.7863665104034643,6.585050048132333,1.8263068650371845,9.661001899682725,0.9600414833145651,19.56815694643156,8.59000758708766,0.5373184623596189,10.38982511750645,7.101347907728961,0.5285793054790174,1.4863408162695395,102160384.0,55222408.53333333,12398728.533333333,40357888.0,42422272.0,22984567.466666665,122806272.0,35009467.733333334,9992465.066666666,49897472.0,3080192.0,9350212.266666668,55.9366,99.29616666666668,4.735666666666666,295.4901,4.7351,50.0842,4.8646666666666665,547.8485000000001,75.64836666666666,31.209466666666668,0.004707039524982159,0.00521891977529112,0.05045632223286984,0.006712435768155988,0.004604672525498749,0.23826195053788313,0.004600000000000001,0.004834804790367632,0.009418150240855998,0.004754267328177242,0.0
1685554920,1.780420814480789,6.500874376752178,1.7573058156423669,8.261515750205412,0.970984519479461,18.51402679651106,7.909662466046906,0.5049482894481938,10.279552331888532,8.460719291233168,0.5193075694383973,1.3325727020780307,102266060.8,55233194.666666664,12478054.4,39592618.666666664,42422272.0,25027379.2,122817740.8,34599185.06666667,10040115.2,50135586.13333333,3078417.066666667,9558016.0,40.301500000000004,58.381366666666665,2.2565999999999997,199.28173333333334,2.3909666666666665,31.897933333333334,2.240733333333333,330.1517333333333,46.95223333333333,18.3518,0.03506718065281086,0.08449932645441903,0.2072357511834602,0.04447663948881965,0.004632609578124067,2.054203225118522,0.004600000000000001,0.09037397710170855,0.12508283984340338,0.018553970725335597,0.0
1685554950,2.526894121555728,6.287162621282935,1.2484471918685596,5.187716935504267,0.8863171263919501,18.295447371479916,5.6017869197607855,0.4720024380681668,10.842369295578314,12.563303335690723,0.3985362564749278,1.0262133994369116,102347298.13333334,55239884.8,12349986.133333333,39514112.0,42482346.666666664,26772957.866666667,122845047.46666667,34546892.8,10211464.533333333,49897472.0,3081693.8666666667,9640345.6,38.2586,60.00326666666667,1.9218333333333333,178.46683333333334,1.8664999999999998,29.153166666666667,1.6746,340.87399999999997,42.52603333333333,17.463033333333332,0.08755170439635883,0.19148588913349124,0.45597939981474467,0.1220752614386537,0.004634629489099572,4.528929221471515,0.004600000000000001,0.22068232902997872,0.2838837767214137,0.05125367060970644,0.0
1685554980,3.1198467568207966,5.302355076271144,0.9949609036478128,4.6200174486665535,0.8248503417374596,18.156229499258465,5.432927415332927,0.38506064008425017,12.296985653090482,13.58006526314519,0.36991202812747787,0.9053861342488997,102329821.86666666,55151001.6,12222737.066666666,39530496.0,42422272.0,25960311.466666665,122858700.8,34859963.733333334,10425275.733333332,49907302.4,3161565.8666666667,9591193.6,32.519666666666666,57.655166666666666,1.9889333333333332,185.63063333333332,1.9384333333333332,27.384133333333335,2.1361333333333334,347.11606666666665,40.940733333333334,16.612199999999998,0.11402838127055157,0.21727353086515555,0.52224613057228,0.164114456886757,0.004600000000000001,4.758564362856102,0.004600000000000001,0.23942233363003212,0.3506468473918478,0.07334240453856739,0.0
1685555010,3.025099771862373,6.221864381756207,1.0488190726322868,4.715823259551113,0.8432846691056993,18.109435278580293,5.009338266979084,0.4142862054187369,11.647653742892086,12.069069662550715,0.5751152850800347,0.8862419208534966,102465536.0,55241659.733333334,12520379.733333332,39575278.93333333,42424183.46666667,27244544.0,122863616.0,35090705.06666667,10101555.2,49897472.0,3078417.066666667,9465309.866666667,36.131766666666664,65.41720000000001,2.580766666666667,188.3144,2.7429333333333332,31.907233333333334,2.6227,372.3428333333333,43.153299999999994,19.7654,0.14895567883580352,0.22236813403708805,0.5295679588929588,0.16977794783676636,0.004600000000000001,4.7371476393036955,0.004600000000000001,0.2422979396873289,0.36493052459205894,0.07074758694518984,0.0
1685555040,2.858031940758015,6.180078669646364,1.2163343971319098,4.803708422185937,0.9257276804259468,18.11402657826706,5.496472082014053,0.44953877639271866,11.145637684877707,11.202313277143501,0.5223053076507537,0.9394770665455957,102470178.13333334,55228279.46666667,12447197.866666667,38823389.86666667,42422272.0,26761216.0,122863616.0,34831018.666666664,10119168.0,49921501.86666667,3079372.8,9510638.933333334,34.312133333333335,55.91883333333333,1.7332666666666665,179.21086666666667,1.7945,29.7783,2.0595666666666665,316.32963333333333,46.876933333333334,17.912166666666668,0.15653576390786125,0.22721672328985382,0.48667765705701643,0.1756166974121078,0.004600000000000001,4.733331277555893,0.004600000000000001,0.23986943893395535,0.3516667059238163,0.07149469866635975,0.0
1685555070,3.0878851359219346,6.3309191818598025,1.0842781615033796,4.980425376989538,0.8670941076516753,17.55795904500548,5.368759737101296,0.4436666405655529,10.882530418976598,12.378309607722473,0.6816087710347357,0.9203076479191595,102427852.8,55189777.06666667,12309299.2,38710476.8,42422272.0,25624302.933333334,122863616.0,34788966.4,10101691.733333332,49897472.0,3159108.2666666666,9526203.733333332,34.20306666666667,58.469966666666664,2.7446333333333333,194.21563333333333,2.655866666666667,35.40656666666666,3.2624666666666666,357.4621333333333,48.40736666666667,18.328166666666668,0.13368233574989652,0.22800774544136745,0.48610440583431413,0.16906100026884904,0.004600000000000001,4.6216100497236345,0.004600000000000001,0.23589927482966835,0.34962405987463757,0.07853842205185442,0.0
1685555100,2.558962741752315,5.558504373715041,1.2247357530426157,4.830152911279201,0.8661454223180562,17.787934334156567,5.402379470727572,0.41284238517620386,11.621659251108468,12.358389505402608,0.6837575040245731,0.9632331479356371,102385527.46666667,55140352.0,12203622.4,38787891.2,42422272.0,26636697.6,122863616.0,35177540.266666666,10400972.8,49897472.0,3080192.0,9578496.0,31.401333333333334,60.5937,1.9207333333333334,180.03496666666666,2.074133333333333,33.825,2.196833333333333,342.5655,44.355066666666666,17.12493333333333,0.10433694464074177,0.22771623280832454,0.5105069181098593,0.14723576922718226,0.004600000000000001,4.5667651775043545,0.004600000000000001,0.23357730156858736,0.37231948444402774,0.06900532331235902,0.0
1685555130,2.7194731237788186,5.164687757980176,1.2271139765763828,5.307138400113925,0.8255971250042841,18.193408912242255,5.632322500895823,0.419013558520578,10.686751698199938,11.083290106083302,0.7802212768305934,0.9618989231896928,102409011.2,55242478.93333333,12179865.6,38933981.86666667,42422545.06666667,24755268.266666666,122891878.4,34948164.266666666,10012945.066666666,50031274.666666664,3083741.8666666667,9692364.8,51.5072,90.35446666666667,3.5383666666666667,272.1808666666667,3.5380333333333334,45.86263333333333,3.7293333333333334,505.4535333333333,68.68913333333333,27.871100000000002,0.10743227500677648,0.26603783658535973,0.5615962080391429,0.11193234600552988,0.004600000000000001,4.492338827330203,0.004600000000000001,0.22411193397700005,0.3766840489702616,0.05164849997320705,0.0
1685555160,2.332274577769913,5.971625946243251,1.461610848858438,7.8336055212019176,0.8899350313684855,18.53852516769957,7.053973129635165,0.4530010115897178,9.705826310068362,7.937851489385642,0.6863753326155051,1.2637882344579363,102490112.0,55224729.6,12214272.0,40410316.8,42423637.333333336,22937736.533333335,122900480.0,34885905.06666667,10316731.733333332,49899656.53333333,3158016.0,9925427.2,62.8,104.53333333333333,2.8666666666666667,328.53333333333336,2.8666666666666667,51.0,3.066666666666667,592.1333333333333,79.0,29.066300000000002,0.06260943097907193,0.20589457697766214,0.3114221641648112,0.05753852739111328,0.004600000000000001,3.326615280620431,0.004600000000000001,0.14094595609756144,0.20273728544388137,0.02570318534072861,0.0
1685555190,1.7154402162696563,6.2061289917587805,1.5869822158036042,8.930560885782748,0.9405839858342033,18.731570197632475,8.14693942070075,0.5220785249023169,10.084531869980971,7.045588693499946,0.5191382413280127,1.4170713854866508,102291046.4,55264460.8,12481058.133333333,40251118.93333333,42422272.0,23044778.666666668,122900480.0,34817911.46666667,10174190.933333334,49898837.333333336,3081966.933333333,9526749.866666667,57.12963333333333,96.75590000000001,3.3977333333333335,294.66650000000004,3.3982666666666668,44.85116666666667,3.330966666666667,519.0510333333334,71.13419999999999,23.86596666666667,0.004743404512686355,0.009110337584048382,0.04849871235415672,0.00717673517722485,0.004600000000000001,0.2918679694458357,0.004600000000000001,0.005209634474992239,0.010728675719283348,0.004737977927158877,0.0
1685555220,1.897045375710974,6.183771849129184,1.3948983497366132,7.906736313649115,0.9258806412584273,17.806616272070233,7.343434994404775,0.5034269344321305,10.65245253604431,8.715272242285932,0.5034144632636555,1.2720852453523575,102353442.13333334,55274427.733333334,12242670.933333334,39324057.6,42422272.0,25787050.666666668,122915225.6,34687658.666666664,10144153.6,50008883.2,3082240.0,9553237.333333334,37.3983,63.5789,3.619966666666667,203.83530000000002,3.5436,34.2523,3.1424000000000003,354.2891,47.739266666666666,20.143166666666666,0.03845117429868365,0.09960655645277669,0.19079402722880986,0.0471514260087969,0.004600000000000001,2.218517515488365,0.004600000000000001,0.0994382418511497,0.11733712391163655,0.02192477578899988,0.0
1685555250,2.6742343121245113,5.428644821720946,1.2774471857446443,5.218484018375051,0.8644845678703824,18.001118994667873,5.535861313453938,0.4340316045945635,10.61816897121897,12.276020483194541,0.5370244124299531,1.0177431374632562,102383616.0,55296819.2,12195566.933333334,38984499.2,42422272.0,27016669.866666667,122926148.26666667,34884539.733333334,10646596.266666668,50063360.0,3082376.533333333,9669290.666666666,30.421633333333332,56.90723333333334,2.1428333333333334,188.6409,2.1988,31.5681,1.71,363.39786666666663,44.4642,18.41753333333333,0.08981519980197013,0.2071825666842977,0.426561858323528,0.11057538948446963,0.004608219178082192,4.425697884293275,0.004600000000000001,0.2211284908911799,0.2601823817545686,0.05893227329136488,0.0
1685555280,3.010781370810041,5.139264204738519,1.2045648520805374,4.585008799512806,0.8902480956760175,17.565942674829092,5.143648197199985,0.4234896221362001,9.161671802595608,13.121370817438654,0.4969782884473603,0.9066519328346158,102431129.6,55267328.0,12145732.266666668,39041843.2,42426094.93333333,26458112.0,122933248.0,34672776.53333333,10036428.8,49897472.0,3084288.0,9555421.866666667,34.89273333333333,75.74486666666667,3.5180000000000002,183.0316,3.5852999999999997,29.960433333333334,3.7869,358.4396,52.6852,20.379133333333336,0.09750813747844982,0.21595562835205714,0.4574092966725974,0.14831746971861165,0.004646769446769447,4.6913669149771176,0.004600000000000001,0.23584032789877843,0.3221153511270031,0.06015819111684691,0.0
1685555310,2.626877466198108,4.637943124553913,1.2296079182539026,4.569859869013363,0.8409898512298021,18.143027546709032,5.207955500637789,0.45283494114918244,10.278818487260004,12.75193826822267,0.6077481433365738,0.9296524440825552,102462259.2,55195511.46666667,12279261.866666667,38974259.2,42426641.06666667,26692949.333333332,122936797.86666666,34645196.8,10097459.2,49897472.0,3091660.8,9576174.933333334,40.506,66.37713333333333,2.7264666666666666,203.5072,2.7296,33.5205,2.4181,389.21680000000003,43.4973,20.279600000000002,0.09797888920088665,0.21508325144643298,0.46802019280579116,0.1649526334238794,0.004639795052742421,4.682022609020627,0.004600000000000001,0.23603575920902925,0.3094042398480688,0.05479247432338686,0.0
1685555340,3.313708867862532,4.466494628405868,1.0796890236430237,4.739201615448616,0.8518410396468233,17.936246132378315,5.450901096941954,0.43132321462941425,11.45296440686308,12.131204745778824,0.398744758374993,0.9198948335515527,102591556.26666667,55160832.0,12098901.333333334,38834039.46666667,42422272.0,26280209.066666666,123017625.6,35013836.8,10963763.2,49897472.0,3105587.2,9633245.866666667,27.717466666666667,54.70903333333333,2.7363333333333335,169.2412,2.6707666666666667,28.578666666666667,2.8724666666666665,307.5815,41.397266666666674,15.870666666666667,0.09828694926468,0.22078269151133034,0.5152385682553366,0.1718785021208089,0.004600000000000001,4.629624166402595,0.004600000000000001,0.2352360963719713,0.28527971252025097,0.05846312250734255,0.0
1685555370,2.892950344636633,5.406730181201772,1.0236589476162476,4.427517928522681,0.8469619577237518,18.19226025076747,5.174780094246704,0.3979713464176901,9.744132137851814,11.346498100252141,0.3815474324089221,0.9009981715098923,102749252.26666667,55241113.6,12243080.533333333,38896298.666666664,42422272.0,26346018.133333333,122974208.0,34782003.2,10149205.333333334,49897472.0,3215360.0,9585595.733333332,36.390366666666665,59.21196666666666,1.9937,175.8801333333333,1.9440333333333333,31.32156666666667,2.3279666666666667,319.04943333333335,47.57096666666666,18.1719,0.10758144471887182,0.22336062124610737,0.5270105158730158,0.16845351430409108,0.004600000000000001,4.719766801301555,0.004600000000000001,0.2346244683035561,0.28297012039950087,0.0727729665481758,0.0
1685555400,2.450509154887819,5.910754966675583,1.1569384004920213,4.516424124778734,0.8290730375593818,18.490216515555637,5.017639513600228,0.4334250580876547,9.178016656081809,11.46751587561327,0.35754967050768055,0.9056248833608461,102797038.93333334,55326310.4,12110506.666666666,38421026.13333333,42422272.0,25916074.666666668,123030459.73333333,35041006.93333333,10307857.066666666,49897472.0,3082240.0,9617817.6,35.497733333333336,55.20043333333333,2.1312,187.86393333333334,2.1935333333333333,31.756266666666665,2.1995666666666667,324.30843333333337,45.38446666666667,15.642166666666666,0.12646184429901114,0.20686774201019284,0.4665259944596599,0.1780670612158934,0.004600000000000001,4.7737822667617,0.004600000000000001,0.23359053719702533,0.31470785175930943,0.0738607197539495,0.0
1685555430,2.807612591156711,5.579807642982434,1.2277299439709057,5.268395574596176,0.8682588502833098,18.109793003072276,5.606824655652397,0.43134824888702605,9.894357180242936,10.72672320752981,0.5488468671732218,0.9595561069422056,102850560.0,55298321.06666667,12576085.333333334,38683443.2,42424866.13333333,25622937.6,123057766.4,34797977.6,10280140.8,49897472.0,3084697.6,9664921.6,49.29113333333333,85.02369999999999,4.545466666666667,273.0459333333333,4.613766666666667,48.1228,4.400066666666667,487.1919,60.2825,29.15576666666667,0.1101395348724691,0.2002642941268623,0.47676097288051744,0.16969127743527776,0.004600000000000001,4.642153334893644,0.004600000000000001,0.22697705424384687,0.3044325366410152,0.059131722351306766,0.0
1685555460,2.136782393556762,6.117933030279418,1.6277504825872176,7.744614255639543,0.9715227143828521,18.787827237162542,7.558299826039774,0.5057885829865226,10.154661815080276,7.9088746631601685,0.6465329318687214,1.3661647685376836,102327637.33333333,55253947.733333334,11877580.8,40234461.86666667,42422272.0,23103488.0,123052032.0,35033361.06666667,10116573.866666667,49898973.86666667,3115827.2,9448379.733333332,58.333333333333336,102.0,4.133333333333334,331.93333333333334,4.133333333333334,52.266666666666666,4.4,569.8,73.33333333333333,30.733333333333334,0.05817551943316652,0.11183809048395398,0.34293120126705656,0.0733925968792764,0.004600000000000001,3.5399096345588505,0.004600000000000001,0.1449687970263177,0.1704334308698565,0.024969506575609444,0.0
1685555490,1.6964261557121276,6.454795960267353,1.579303858535611,9.738171575770433,0.9390527662804496,18.723143027878734,8.328741848766036,0.5071536128715173,10.235773106632745,6.714732672830223,0.5258510602481788,1.4853241135331856,102123656.53333333,55215991.46666667,12044697.6,39413760.0,42422272.0,22798472.533333335,123126306.13333334,34601915.733333334,10404659.2,49897472.0,3125657.6,9404006.4,59.0716,96.34766666666665,4.060666666666667,311.5725,3.9929333333333332,47.284666666666666,4.193066666666667,547.7842333333333,71.01946666666666,29.1582,0.004860728400904151,0.005526138995691271,0.04998550317674893,0.007234086413186044,0.004600000000000001,0.2843901468321156,0.004600000000000001,0.005203036473722961,0.010075631289218588,0.004729318417324265,0.0
1685555520,2.075057032819424,5.97325298951038,1.3597884049630766,8.117088439645977,0.8946381271405942,17.813187477670382,7.596735028179613,0.4669518021365373,10.504089728443974,8.402631229051204,0.4761092856484564,1.243691478411013,102345659.73333333,55222272.0,12275712.0,39185066.666666664,42422272.0,25621026.133333333,123052032.0,35144772.266666666,10301713.066666666,49897472.0,3083195.7333333334,9490705.066666666,41.0119,61.83846666666667,2.1877333333333335,151.94223333333332,2.0568666666666666,30.928166666666666,1.8524666666666667,345.4764333333333,42.5875,16.48196666666667,0.04307436713153709,0.11677375827102561,0.2536031038230405,0.0457321525172629,0.004600000000000001,2.154194840899782,0.004600000000000001,0.09370714783849565,0.12407204136278581,0.022848385678193365,0.0
1685555550,2.8164206861392898,5.638862057206824,1.128670456225751,5.134543027986255,0.8734240254767245,17.412154820331725,5.688457383769179,0.44710906386255683,10.402327537317742,11.061495620987678,0.4711744792212452,0.992237359423686,102551278.93333334,55223910.4,12277350.4,38854929.06666667,42422272.0,26566246.4,123070054.4,34990080.0,10302122.666666666,49897472.0,3084561.066666667,9397179.733333332,40.8253,57.79586666666667,2.9016333333333333,179.9381666666667,2.8409666666666666,32.022866666666665,2.4007666666666667,365.28439999999995,52.3202,16.7,0.11627205583564677,0.2037883938331377,0.44733996738792137,0.12008982718450083,0.004600000000000001,4.491491380811723,0.004600000000000001,0.2167808969701947,0.2315552684025807,0.06186213345956435,0.0
1685555580,3.199230690408768,5.1167289526842605,1.1439882761877391,4.284396925493698,0.8490684154152671,18.339687307977464,4.74260602851933,0.40434033996321694,9.076690431523762,11.256027564825366,0.6847560771640082,0.8721600384263047,102640844.8,55140761.6,12311756.8,38895342.93333333,42422272.0,26011101.866666667,123079748.26666667,35013017.6,10266487.466666667,50538769.06666667,3085380.2666666666,9491524.266666668,34.078,43.975,1.6045333333333331,182.86946666666665,1.4651,31.275466666666667,1.0158,317.5978666666667,41.82613333333334,14.858266666666667,0.13182665463088325,0.29880335092585864,0.6329698381328817,0.1551959705217286,0.004600000000000001,4.792958573861251,0.004600000000000001,0.23238312552173543,0.31315272790904897,0.06396912861723761,0.0
1685555610,3.140224795485049,5.006642404061062,0.9172960372864968,4.303115561873156,0.8601762768245624,17.654149276684073,4.928418347335641,0.3918641821398452,9.750657432110035,12.334633360340916,0.7829796425835911,0.840558410091573,103072153.6,55258726.4,12229290.666666666,38959786.666666664,42422272.0,26571298.133333333,123114973.86666666,34990080.0,11484228.266666668,50073873.06666667,3091251.2,9666286.933333334,33.048033333333336,63.038266666666665,2.1161,181.38230000000001,2.0463666666666667,30.63383333333333,2.516566666666667,326.20133333333337,44.16336666666667,18.829666666666665,0.10591650376513571,0.5272639307742938,0.8430887445887445,0.16603297474264192,0.004600000000000001,4.774986938379579,0.004600000000000001,0.2301403273907768,0.3900993898819293,0.06072919882009637,0.0
1685555640,3.0836002105905433,5.5192003026904635,1.0223123057826966,4.477158701189411,0.7766587667227934,17.94981759979082,5.130765762732209,0.378442111435225,10.157313633479502,12.594050935624272,0.6643759652946586,0.8666273754356951,102489429.33333333,55287125.333333336,12136174.933333334,39101371.733333334,42422272.0,25927953.066666666,123152247.46666667,34750054.4,10571502.933333334,49901568.0,3090022.4,9705881.6,35.810566666666666,63.6086,1.9262000000000001,184.73043333333334,1.9847333333333335,35.89366666666667,2.581733333333333,323.52930000000003,42.90926666666667,19.854633333333332,0.12153303073088319,0.34995626540213975,0.8223327505827507,0.18302650564317086,0.004600000000000001,4.7493174706131756,0.004600000000000001,0.23406447721347312,0.3447536817409522,0.0729866312442856,0.0
1685555670,3.2553388798898077,5.439495297439669,0.968716893275703,4.535418535150517,0.8228311686240917,17.39654886847916,5.3098377695892625,0.44345896240035537,10.74944601907394,12.383961264423444,0.6665922027324716,0.9134587280922039,102551552.0,55181994.666666664,12468224.0,39058227.2,42422272.0,26782378.666666668,123194982.4,34634410.666666664,10363289.6,49897472.0,3084288.0,9438412.8,34.96626666666667,52.96033333333333,3.0028,187.00959999999998,3.0007666666666664,32.74026666666666,2.907433333333333,341.64000000000004,48.06293333333333,19.4283,0.11622293992039237,0.22537157557202694,0.8010277777777779,0.1835010387016905,0.004600000000000001,4.7267707316980125,0.004600000000000001,0.2396022719295594,0.3123816950380067,0.07145029148783011,0.0
1685555700,2.9358017858384486,4.603234814118604,1.1681509762983893,4.807868353983479,0.8548961159380756,17.635685031968492,5.2945177556523735,0.4400012266362187,11.703016882058137,11.596662376714015,0.5973366148950517,0.9190263664232385,102521514.66666667,55196057.6,12189149.866666667,38884966.4,42424183.46666667,26333184.0,123203584.0,34923588.266666666,9985501.866666667,49897472.0,3089612.8,9423530.666666666,34.37323333333333,48.588566666666665,1.2678333333333331,186.07793333333333,1.2385,29.252966666666666,1.7163333333333335,317.68103333333335,46.35066666666667,16.3169,0.10833530528630231,0.22886955725704655,0.7000853174603175,0.1773568814478181,0.004600000000000001,4.7267703394127745,0.004600000000000001,0.2410658130357294,0.3445562703933389,0.05849333584100292,0.0
1685555730,2.753366724949156,6.500154793816398,1.2504651069739658,5.304611368394747,0.8867762747047437,17.85549132755091,5.604945012387639,0.4341892615763963,10.105218488578847,10.812017866459513,0.4716406789934893,0.942954511138933,102479462.4,55276612.266666666,12306841.6,38803592.53333333,42422272.0,24482474.666666668,123203584.0,34862148.266666666,10119577.6,49897472.0,3088793.6,9546001.066666666,51.794533333333334,84.27130000000001,3.5934666666666666,284.3558333333333,3.5965,49.64836666666667,3.5883666666666665,502.6615,60.59523333333333,26.2769,0.11454931813068563,0.21264982645154232,0.5095598214285715,0.13829679458342095,0.004600000000000001,4.629802110717739,0.004600000000000001,0.2299618393130894,0.31224012366383214,0.04953499761113677,0.0
1685555760,2.153711614244358,7.04865390977884,1.4586844909748102,8.47969184134742,0.8869830518740248,19.177682012635625,7.369311646297845,0.498283218600483,9.901287800698997,8.04717508866793,0.5139149680024988,1.3011732740612272,102535168.0,55291630.93333333,12044697.6,39809024.0,42422272.0,22908108.8,123203584.0,34940518.4,10338030.933333334,49897472.0,3082240.0,9447560.533333333,60.00429999999999,98.7427,2.9994666666666663,323.8847333333333,2.9994666666666663,50.733333333333334,2.9992,559.8704333333334,74.8767,28.602833333333333,0.05898925634201597,0.09990279148237602,0.29325441919191925,0.06567570466882829,0.004600000000000001,3.4795473742718057,0.004600000000000001,0.14364387007191667,0.16847307791302404,0.026953197683041837,0.0
1685555790,1.6581569491774963,6.154630894963205,1.5915023290507102,9.282681633578449,0.9523345392814824,19.0003344254052,8.337607762010599,0.5034997455158278,10.397294436667815,6.945099204383682,0.5255308296765988,1.4716704452418594,102215680.0,55268693.333333336,12152832.0,40238967.46666667,42422272.0,22971187.2,123203584.0,35180544.0,10475520.0,49897472.0,3196108.8,9578632.533333333,54.2636,95.24116666666667,3.8666666666666667,288.3905666666667,3.7317666666666667,46.70413333333333,4.0008,523.7244333333333,71.19633333333333,25.718133333333334,0.004807644972053189,0.005309225785747946,0.047825099972811785,0.006484988659053439,0.004600000000000001,0.26257422728534907,0.004600000000000001,0.004972131737325968,0.009909553009713993,0.004763287295598014,0.0
1685555820,1.9921328889410381,6.073499431154372,1.5578930186419477,7.903261061800733,0.8978272514763722,18.301311427645306,7.1353873908868515,0.45450565888805694,10.123986695908314,8.641157733646725,0.5207685963370651,1.2867074409675203,103242001.06666666,55294907.733333334,12165393.066666666,39206092.8,42424183.46666667,25307682.133333333,123203584.0,35136853.333333336,10225937.066666666,49897472.0,3092070.4,9600750.933333334,39.614733333333334,62.3663,2.4941666666666666,188.71283333333335,2.4932999999999996,32.70616666666667,2.5130333333333335,353.0856,43.049933333333335,18.88,0.04261665982145239,0.08491197805658399,0.17616108564637983,0.045769505914861314,0.004600000000000001,2.3184457556515543,0.004600000000000001,0.10197647091170697,0.12722262444058943,0.017905719047565848,0.0
1685555850,2.724539684691691,5.98927577248438,1.191575355937888,4.9006159001050245,0.8740162043192299,17.98533208975832,5.546340907726997,0.4350492014263498,9.21684379282656,11.918593445733562,0.5766364704316804,0.8873958342482353,102327637.33333333,55253401.6,12428629.333333334,38977672.53333333,42483848.53333333,26959872.0,123203584.0,35234884.266666666,10283963.733333332,49897472.0,3080874.6666666665,9544226.133333333,40.4644,51.58283333333333,2.1390000000000002,180.31086666666667,2.2013666666666665,28.606533333333335,1.3929,318.1901,36.30936666666666,17.64626666666667,0.10067455599866745,0.20134163244278208,0.42153318903318904,0.12385808172334073,0.004600000000000001,4.408784962622794,0.004600000000000001,0.22134207140210052,0.30139262225745306,0.058942452921007985,0.0
1685555880,3.1494670690334465,5.135069853240662,0.9921869928994448,4.581112315935452,0.8552923432876028,18.146353833503778,5.451171573460262,0.41492121416443706,8.976457938713526,12.840854495283423,0.7873279706642583,0.9037792674643563,102419251.2,55521143.46666667,12595746.133333333,38897527.46666667,42422272.0,26600925.866666667,123219968.0,35170167.46666667,10539281.066666666,50573312.0,3082376.533333333,9598839.466666667,34.22366666666667,58.5583,2.3523333333333336,188.14936666666665,2.291633333333333,29.48916666666667,1.5389333333333333,317.7400666666666,36.46483333333333,16.0547,0.12273976105935734,0.22227474544699985,0.48134582216798566,0.17157402429301205,0.004600000000000001,4.698795281823908,0.004600000000000001,0.24041391211652047,0.3442720919351847,0.07729236288720015,0.0
1685555910,2.5648987063915425,6.279949156674116,1.0776829794513652,4.703994544205947,0.8611846861756984,17.972604843415876,5.27857167263806,0.40368684358954177,10.491276302800708,11.19721329555347,0.8072227183129274,0.9493107318906172,102414336.0,55401403.733333334,12266564.266666668,38914457.6,42422272.0,26965606.4,123225292.8,35108864.0,10703940.266666668,50100224.0,3082922.6666666665,9767048.533333333,30.702566666666666,57.514,2.0463,194.6592,2.1797999999999997,33.31576666666667,2.5934999999999997,314.4920666666667,35.6034,21.0765,0.12066259587562629,0.2158656022519825,0.47794503426926216,0.18228738392216803,0.004600000000000001,4.750393732774136,0.004600000000000001,0.24814579326742073,0.3039871488001555,0.07492994090434639,0.0
1685555940,2.265468606252004,5.677734526002509,1.204913595394843,4.663200892298542,0.8804486312989132,17.94697667753352,5.298856756891267,0.48043449814849326,10.993918520142051,11.88820164692918,0.5775005998620893,0.9883840728671106,102322176.0,55315114.666666664,13278412.8,38958284.8,42422272.0,26318301.866666667,123268983.46666667,35105723.733333334,10671308.8,49941708.8,3083741.8666666667,9461896.533333333,29.782533333333333,56.80693333333333,1.9285333333333334,197.16173333333333,1.7948333333333333,32.61536666666667,1.9284999999999999,335.1594333333333,41.370866666666664,17.507066666666667,0.11536320268352364,0.2185262840928182,0.49517357554567976,0.18032822358814357,0.004600000000000001,4.748625093785507,0.004600000000000001,0.24524542683643882,0.26485912713621484,0.07536650905327495,0.0
1685555970,2.8394503051526327,5.595418774720349,1.0536794903625935,4.732299649195647,0.7766633966571105,18.388876132054815,5.360305349644379,0.4247593326050403,10.903519957609408,12.437579386664535,0.5106173149483396,0.8981359926544439,102322176.0,55300096.0,12263833.6,38551142.4,42422272.0,26561740.8,123282500.26666667,35245943.46666667,10227712.0,50046566.4,3080738.1333333333,9685401.6,34.0789,47.565466666666666,2.3703999999999996,169.47986666666665,2.2123666666666666,27.723666666666666,1.8073333333333332,325.62766666666664,41.53073333333334,15.664666666666667,0.10831723988230299,0.22175616656120628,0.4869617511782367,0.17999404364046212,0.004600000000000001,4.73627049896679,0.004600000000000001,0.23631979768989037,0.29679526446565563,0.0809130539652534,0.0
1685556000,2.9908614099378488,5.780213939162244,1.0197550123774308,4.511846764940722,0.8719917355650895,17.70059097869647,5.1939424881682,0.3983348853411521,10.120780031394611,12.417466025129261,0.5414464391786752,0.8912031022863525,102350711.46666667,55343513.6,12225467.733333332,38845917.86666667,42422272.0,26584814.933333334,123285504.0,35586730.666666664,10238634.666666666,50124663.46666667,3082376.533333333,9617134.933333334,30.483066666666666,46.772733333333335,1.6693666666666667,167.61053333333334,1.8067666666666669,28.002233333333333,1.9342333333333335,310.10296666666665,41.8103,14.988533333333333,0.13578602604352394,0.2143324969002428,0.4624554670638004,0.17737827902883505,0.004600000000000001,4.761305545839482,0.004600000000000001,0.23840242071465684,0.32511055846977344,0.08051026248542262,0.0
1685556030,2.61598353912077,5.180013081468931,1.1835401608348308,5.0296956996996,0.9039053271572391,17.91888416850491,5.642384233926946,0.41511190760141287,10.068383933678026,11.536673941150234,0.42247209515307665,0.9841449203338819,102403822.93333334,55239475.2,12203076.266666668,39260160.0,42422272.0,24367377.066666666,123359778.13333334,35107498.666666664,10232354.133333333,49897472.0,3081557.3333333335,9415338.666666666,55.569833333333335,91.30886666666667,3.1344,281.1975,3.2018333333333335,47.93946666666667,3.279233333333333,527.5324333333333,70.04356666666666,29.47556666666667,0.12369212007514445,0.2087275838385761,0.4754270695404392,0.14185332737535236,0.004600000000000001,4.642728655217476,0.004600000000000001,0.2270652749295954,0.273798593884641,0.07129039811760046,0.0
1685556060,1.9439342348149107,5.6042260415131775,1.524848868886567,8.145997004857955,1.0015236212184955,18.29822867158585,7.521166319558374,0.5450249153222518,10.297221210627649,8.425126749431026,0.44911710804177757,1.3312874857367774,102428672.0,55253538.13333333,12239257.6,39267805.86666667,42422272.0,23080140.8,123285504.0,35001685.333333336,10064281.6,49897472.0,3087291.7333333334,9633792.0,62.13333333333333,98.73333333333333,3.2666666666666666,331.8666666666667,3.2,53.06666666666667,3.1333333333333333,562.8666666666667,71.33333333333333,27.0,0.05473865488684743,0.11683843781410505,0.35898559925698087,0.06551489441893919,0.004600000000000001,3.3438353282258917,0.004600000000000001,0.13643014903622291,0.16338617971316874,0.028718068978381483,0.0
1685556090,1.7755197657132158,5.981718765163523,1.524740735933981,9.864017778752972,0.9118846676575868,19.203669741787557,8.526810608426825,0.46113036383442124,10.09981361477997,6.841225997593939,0.519352111269147,1.4850852010287703,102140177.06666666,55312930.13333333,12402824.533333333,39262890.666666664,42422272.0,22880665.6,123285504.0,35305608.53333333,10002295.466666667,49897472.0,3083741.8666666667,9563750.4,51.58296666666667,89.30996666666667,3.3331,284.6405666666667,3.3322999999999996,47.75083333333334,3.3314,523.4109666666667,66.6133,27.74413333333333,0.004701793721032554,0.005156723935409487,0.052099072834356365,0.006893948713701531,0.004600000000000001,0.2794191570730167,0.004600000000000001,0.005021318597922836,0.009397600598431557,0.004771924449565145,0.0
1685556120,2.035824617641902,6.076761958570016,1.4261287213746632,8.085585605872563,0.8739620028839725,18.230365311273207,7.517942210411718,0.45176854802095817,10.476806400368263,8.652815943143883,0.6286925519343078,1.263679218835454,102094438.4,55299822.93333333,12313395.2,39162538.666666664,42422272.0,24295560.533333335,123296563.2,35529932.8,10263620.266666668,49897472.0,3086336.0,9401958.4,36.40853333333334,55.902633333333334,2.0009,196.3311,2.0708666666666664,33.8577,2.1035333333333335,345.09096666666665,45.79456666666667,16.741933333333332,0.04305447418217812,0.09906744139220347,0.24222931697931702,0.047588529943278245,0.004600000000000001,2.114283626550194,0.004600000000000001,0.09976577208292817,0.1268259730471614,0.01870373139185944,0.0
1685556150,2.798778914330153,5.606426706281174,1.1108127759210398,5.342850271121677,0.8626390225321825,18.108233320529617,5.76985389085112,0.4438693903599494,10.344967874500815,12.0514780934572,0.6476121502397862,0.9669300990743674,102272477.86666666,55469670.4,12357632.0,39001292.8,42422272.0,26630144.0,123308714.66666667,35450197.333333336,9930752.0,49905664.0,3082376.533333333,9497804.8,42.20023333333334,65.5776,2.2662666666666667,209.47296666666668,2.2640000000000002,30.9613,2.3926999999999996,323.68576666666667,41.43913333333333,17.412166666666668,0.10271065282834264,0.2211200088515485,0.48614528365886855,0.12090562846424881,0.004600000000000001,4.424288494890814,0.004600000000000001,0.21906567012960954,0.27027412249645294,0.05308555755708209,0.0
1685556180,2.535886858721923,5.5046297241819815,1.1715044700361725,4.735447883478927,0.8507580182175158,17.78216023445052,5.342725130996706,0.4359939480230404,10.605960884038687,12.551888411712078,0.5488269157349869,0.9594890446524084,102375424.0,56430865.06666667,12278306.133333333,38872132.266666666,42422272.0,27268710.4,123389542.4,35368140.8,10160810.666666666,50590242.13333333,3083468.8,9321540.266666668,34.655366666666666,55.2596,2.3423666666666665,164.9354,2.4077333333333333,28.087533333333333,1.8876333333333333,308.4824,41.39006666666667,18.434533333333334,0.1157964375537694,0.22158296333453073,0.48482391158319954,0.17305789443240602,0.004600000000000001,4.762030337343096,0.004600000000000001,0.23762070457995035,0.3426011761044453,0.07619411382353965,0.0
1685556210,2.7706647032425056,6.418625807836171,1.1925563100798797,4.826736826659803,0.9082284075549135,18.71300057240488,5.4553228511146825,0.4094761876489094,9.595289359181647,12.425772425669921,0.4794048460315744,0.894985035488543,102450653.86666666,55384473.6,12234478.933333334,38780928.0,42422272.0,26331545.6,123412480.0,35645303.46666667,10306355.2,49902933.333333336,3209216.0,9404962.133333333,34.605199999999996,61.95876666666666,2.1986666666666665,209.55679999999998,2.394766666666667,31.68456666666667,2.2759,368.99943333333334,44.674366666666664,15.686566666666666,0.09510647969422899,0.20743046451065691,0.49539565807446795,0.17650086727488706,0.004600000000000001,4.792162985856889,0.004600000000000001,0.23777015664451853,0.3430135149931311,0.06856742002153919,0.0
1685556240,2.6855536430471134,5.524425968619057,1.2717118076042637,4.9226225052267045,0.9233099106043365,17.47167220222226,5.686995953872864,0.46776576404364706,9.059977195005123,12.319244454697678,0.5010430198028568,0.9529485128232251,102486016.0,55297911.46666667,12358451.2,39031876.266666666,42422272.0,26800947.2,123463953.06666666,35541674.666666664,10387456.0,50420940.8,3103539.2,9421619.2,36.31233333333333,60.56093333333333,3.1747,178.2062,3.1739333333333333,32.3913,3.2338666666666667,330.0179,44.17906666666667,18.224899999999998,0.09565338082532365,0.22340949982564504,0.6109995791245793,0.16686662918369927,0.004647492697166996,4.721122175080675,0.004600000000000001,0.23134803335419,0.36185503658330553,0.06705815826242366,0.0
1685556270,2.8591077029767633,5.263293338073084,1.1790104640665515,4.802160891723147,0.9029577187876962,18.35759729689786,5.590735344221589,0.48058425123991577,9.764562817481195,11.85943774102949,0.4323138215642964,0.9511694997733984,102522743.46666667,55315251.2,12313804.8,39163904.0,42422272.0,27077836.8,123576320.0,35845597.86666667,10336938.666666666,50293964.8,3084288.0,9529344.0,33.31616666666667,57.3181,2.5990666666666664,163.8902,2.5877666666666665,30.5243,2.7535666666666665,343.4864666666666,42.980533333333334,18.232966666666666,0.10844970817564088,0.23072686542104218,0.5077964303104857,0.17206670858026923,0.004649206189131562,4.761873371911733,0.004600000000000001,0.23095253105283728,0.3649606229334524,0.0813768052702528,0.0
1685556300,2.8882379177489,5.540765924341054,1.0957191604483374,4.766416740601911,0.9099393388923863,17.90132841718321,5.839042679350139,0.4360861961252717,10.84980653654307,10.949282884989875,0.43491279234061725,0.9983921288052069,102596608.0,55279616.0,12184507.733333332,39052219.733333334,42422272.0,26931336.533333335,123576320.0,36033877.333333336,10277683.2,49897472.0,3084288.0,9452202.666666666,34.58776666666667,62.947766666666666,3.001633333333333,195.44273333333334,2.9407,31.490766666666666,3.2641666666666667,331.8231333333333,44.536233333333335,20.3533,0.12739294561177864,0.22973047894833923,0.4758842812730466,0.1819980907816527,0.004601666666666667,4.7690655375409055,0.004600000000000001,0.2380875178059856,0.3416667148230835,0.08331903269138079,0.0
1685556330,2.7476104930451686,5.329764554244292,1.4578554471881024,5.560508078221801,0.9654444564658757,17.595335546963593,6.011445766521807,0.48226218397793263,10.104777947108131,10.440738866932701,0.41501092431187914,1.1030188286869447,102640025.6,55184998.4,12365414.4,39271765.333333336,42422272.0,25345092.266666666,123580416.0,35579221.333333336,10089130.666666666,50688819.2,3086199.466666667,9379840.0,53.06406666666667,86.44716666666666,3.3379333333333334,269.67379999999997,3.334566666666667,49.16043333333334,3.1989,500.136,63.663000000000004,23.7501,0.11154404636054163,0.2470429672557288,0.5793154761904765,0.1551016136172959,0.004734762932087153,4.6022721649657345,0.004600000000000001,0.23115995484576632,0.3383732827061605,0.06544296663724722,0.0
1685556360,2.1164339735437707,5.35673590385488,1.4960705465098671,8.606726318477035,0.9595144368668016,18.28064514934687,7.936783728980341,0.4961328851604901,10.760001146093293,8.354896842327072,0.44068370631086856,1.3399335999222388,102628556.8,55228279.46666667,12343296.0,40429021.86666667,42424183.46666667,23168204.8,123580416.0,35708381.86666667,10063462.4,49898837.333333336,3184776.533333333,9425988.266666668,59.56936666666666,100.04866666666666,2.533333333333333,306.94443333333334,2.533333333333333,53.333333333333336,2.6666666666666665,574.4566,73.92116666666668,27.132866666666665,0.05512723342001605,0.17271244539705247,0.4370315389924086,0.06756614508568494,0.004726044786071656,3.2142124625792623,0.004600000000000001,0.14094032310658428,0.19030022233736146,0.03063152210765243,0.0
1685556390,1.7879884949024352,5.3264070500563525,3.5775262546016857,9.528389513706545,0.9726682631507495,18.708782874033325,8.638019347044771,0.513394068782455,9.98491870550305,6.8616479356219156,0.4990828020988714,1.5026914879223976,102342382.93333334,55242752.0,13866052.266666668,39798374.4,42422681.6,23294771.2,123580416.0,35870993.06666667,10453674.666666666,49911261.86666667,3084288.0,9479645.866666667,53.646033333333335,98.1875,3.7681,297.43603333333334,3.7276000000000002,48.357366666666664,4.004566666666666,529.9299,72.49236666666667,27.0189,0.004826059656006352,0.010304266566595015,0.054471517087544497,0.008142529656426567,0.0046038709677419356,0.30402886051578204,0.004600000000000001,0.0052819043079228335,0.012598209540723352,0.004795236935621805,0.0
1685556420,2.055478797504249,4.988154048118587,46.302198790342196,8.379188006024703,0.9805147260841082,17.404202599618447,7.694497100850841,0.45752822900922674,9.815665581629824,8.923571560727208,0.5861185034023461,1.3149919978999016,102316987.73333333,55221998.93333333,16978875.733333334,39362560.0,42422272.0,25992806.4,123580416.0,35813376.0,10551022.933333334,49908394.666666664,3132074.6666666665,9510092.8,32.24503333333333,54.909666666666666,1.2961333333333334,180.43396666666666,1.5868333333333333,32.29493333333333,2.1372333333333335,316.10123333333337,44.8288,15.224333333333334,0.040865631391693545,0.17835518337839876,0.27592347566677905,0.05358565622848729,0.0047323112449799195,2.4115761653457777,0.004600000000000001,0.0965641239778643,0.1362671450948965,0.021708194702957855,0.0
1685556450,2.926132657454697,4.810156630797865,94.02974443394484,5.3583839634774915,0.876238897095135,17.508132502124038,5.8774386413794355,0.43141361913925785,10.337314345193613,12.480299866571418,0.5702966020193752,0.9776219647659693,102385800.53333333,55238656.0,16782950.4,39292654.93333333,42422272.0,26129476.266666666,123580416.0,35969433.6,10324650.666666666,50888567.46666667,3116373.3333333335,9518148.266666668,31.89496666666667,77.16943333333333,2.188933333333333,179.34486666666666,2.4902,31.493499999999997,2.632966666666667,385.16830000000004,48.86756666666667,17.747966666666667,0.09209017611283642,0.25060562371677914,0.5262876984126985,0.12926640135494266,0.00492994491997172,4.477789151852465,0.004600000000000001,0.2164461089295758,0.27717743950574225,0.05591833283560969,0.0
1685556480,2.802178903892847,4.874170365029444,97.2660662360819,5.068941343996743,0.9145985365804297,17.69939104259996,5.724857751311461,0.45736747918938764,10.80086241052341,12.777345808669985,0.4396290955966241,0.9545571368333614,102455705.6,55214626.13333333,16645870.933333334,39398058.666666664,42423227.733333334,26065305.6,123580416.0,36234444.8,10151526.4,50382438.4,3087564.8,9480601.6,37.952666666666666,65.4342,1.6378333333333333,210.83296666666666,1.7254666666666665,34.42463333333333,2.3568333333333333,331.5613666666667,48.1716,20.007033333333332,0.10116710270928117,0.31468340222155533,0.6146103896103896,0.14107542170729645,0.004768937032641153,4.5767241077277765,0.004600000000000001,0.23034028989469374,0.3501523326121366,0.05920350329507202,0.0
1685556510,2.6912725387774135,5.749034605324945,99.93135212046282,4.913688950714557,0.9220943473951791,16.940830643668285,5.57661832283052,0.4336305564808567,11.467963424629936,12.867614678093144,0.5428842322893118,0.9611844461346121,102464989.86666666,55306513.06666667,16471108.266666668,38999654.4,42445892.266666666,26305877.333333332,123590929.06666666,35945676.8,10146611.2,50246314.666666664,3088110.933333333,9603754.666666666,33.54363333333333,65.81643333333334,3.025066666666667,197.6268,3.117166666666667,31.435433333333332,2.9222666666666663,344.67586666666665,41.361700000000006,19.4061,0.0986054874904856,0.2868981829604282,0.570202380952381,0.16298685304323024,0.004611124807395994,4.586974831398632,0.004600000000000001,0.23172019363925514,0.33820214444910324,0.06504761307085458,0.0
1685556540,2.8312576677082952,5.797284632645971,96.5551805546152,5.069426896782036,0.9432439086764242,18.072774642586083,5.635147337710723,0.46670981078411317,10.72098595844679,12.716340194272336,0.5431718005319494,0.9614977991904465,102306611.2,56702976.0,16834696.533333335,38892885.333333336,42422272.0,26238020.266666666,123610453.33333333,35852424.53333333,9997243.733333332,50395818.666666664,3084561.066666667,9517329.066666666,40.8181,68.8538,2.2393666666666667,191.43686666666665,2.0723333333333334,35.840799999999994,2.3316666666666666,357.91083333333336,45.89403333333333,15.776933333333334,0.0981592506510301,0.20836254414033475,0.4729674312136413,0.16638274492763513,0.004629556703353554,4.6592882141477885,0.004600000000000001,0.23266593565159296,0.25502357758800104,0.06985168701665262,0.0
1685556570,2.6311458368290706,5.788347740467344,99.88183711603384,5.070079052033015,0.8884052540787118,17.787099848937814,5.7312806394480935,0.4697801176126584,10.569749957266295,12.6257499880575,0.410962539853,1.0044766863719683,102219776.0,55336960.0,16583065.6,39106560.0,42422272.0,25841117.866666667,123618645.33333333,35901303.46666667,10731246.933333334,49897472.0,3082922.6666666665,9582592.0,40.85163333333333,66.24966666666667,1.9254666666666667,203.99373333333332,1.9034,31.3786,1.9208999999999998,346.9162,48.421299999999995,21.589433333333332,0.09424840987416878,0.19824148617035767,0.47763299121198427,0.14084117777023905,0.004648992628688689,4.604159835053368,0.004600000000000001,0.23009095924356246,0.25027981606717054,0.054012245040548995,0.0
1685556600,2.9486200712006805,6.16668490945764,99.27081009582749,4.972202385207618,0.8476866846600598,18.085980665940195,5.714874262681578,0.42201292590061795,10.462269328562849,11.821772463386619,0.6501147874331898,0.9518554676402206,102269610.66666667,55330133.333333336,16706764.8,38959104.0,42528768.0,26367317.333333332,123621376.0,36221747.2,10389367.466666667,49899656.53333333,3103948.8,9580134.4,40.473933333333335,71.83999999999999,2.3198333333333334,181.94050000000001,2.6168666666666667,38.608666666666664,2.682733333333333,346.69836666666663,38.91383333333333,19.242366666666666,0.09436982797839931,0.2104649673076045,0.6528578144078144,0.12769143393813626,0.004620857879580659,4.550998005435155,0.004600000000000001,0.23085141738876022,0.2757862711716476,0.06157887551582939,0.0
1685556630,2.5876786306359127,5.216294322760589,98.12221505803033,5.500866085444351,0.9276524609107695,18.27632365795539,5.98525207126875,0.4416564247481843,10.567700506719175,12.083209580016748,0.5247706662054118,0.955359242145703,102270566.4,55360170.666666664,16657203.2,38894387.2,42422272.0,24085708.8,123636667.73333333,36057088.0,10014720.0,50640486.4,3140130.1333333333,9581636.266666668,53.775099999999995,86.27026666666667,3.5878,286.1102,3.7057333333333333,48.463633333333334,3.5951666666666666,497.4083,63.3065,27.682633333333335,0.09063083286191116,0.2159507142777461,0.7016203703703705,0.10144059671153709,0.004600000000000001,4.530932173308335,0.004623148741418765,0.228268707286549,0.26284032891502196,0.0576021366372439,0.0
1685556660,2.0315527615054094,6.015450950712809,99.34011821029304,8.156654237957039,0.9735662294425851,18.043345844339203,7.532574250513619,0.5073571919509098,10.256547097754714,8.861175126370073,0.486116564791083,1.3792837654574894,102268928.0,55320576.0,17376597.333333332,41137629.86666667,42422272.0,23160422.4,123650048.0,36232669.86666667,10232490.666666666,49897472.0,3085789.8666666667,9582182.4,59.89233333333333,95.93333333333334,3.2666666666666666,305.3333333333333,3.3333333333333335,53.666666666666664,3.3333333333333335,542.8666666666667,70.73333333333333,27.53173333333333,0.04792627089683448,0.11362712320776862,0.3099895833333333,0.05960154078858137,0.004600000000000001,3.530284741481998,0.004669067011575622,0.14126895654322294,0.16367161357603413,0.02373261850002883,0.0
1685556690,1.6790198838826338,5.8498462167366485,99.80046593772515,9.526099452783452,0.8916547208174535,18.179556589915666,8.353228594932341,0.5133554536451312,9.239461465460163,6.805826141080229,0.5042667846283828,1.423638638928413,102205030.4,55282346.666666664,16596718.933333334,39737890.13333333,42422272.0,22660710.4,123650048.0,36244684.8,10212420.266666668,49897472.0,3084288.0,9583138.133333333,55.7609,96.43253333333334,4.1975999999999996,291.0912,4.2656,48.9506,3.9328,551.2355333333333,73.33216666666667,28.987866666666665,0.004886886933159904,0.006808245852831541,0.05384706746312875,0.007503380180477154,0.004604897959183674,0.33499717722339606,0.004647353131232548,0.0053065114225309,0.011884499637884962,0.004744773755682704,0.0
1685556720,1.9054881585052672,5.726615143709073,98.61523004428577,7.947988397326539,0.8810682910351982,17.18879136457998,7.7245826978833625,0.4371189620941341,10.207892304930757,8.933226771079205,0.49030297862371264,1.2372520348639755,102323404.8,55279616.0,16824729.6,39809843.2,42422272.0,25867878.4,123655509.33333333,36792320.0,10319735.466666667,49972701.86666667,3084014.933333333,9568256.0,43.636433333333336,67.68466666666667,2.4124333333333334,188.41629999999998,2.3479666666666668,28.68593333333333,2.4035333333333337,356.54446666666666,39.7141,21.701433333333334,0.03106353537388543,0.12938408441393168,0.1992464042489728,0.04929348909992361,0.004653755157580891,1.8671748996030186,0.004639040709467428,0.08853965490511713,0.12421170814995143,0.02129406740273684,0.0
1685556750,2.9118870593690858,6.000298131218362,99.89882920729441,5.463532713761052,0.8585103755858486,17.645907206822137,6.109770512804405,0.4505328032881967,11.53907445460251,12.402384842610237,0.6030764615147285,1.0226934021943104,102545544.53333333,55322214.4,16928358.4,39123763.2,42422272.0,26096571.733333334,123661107.2,36629162.666666664,10258568.533333333,49975296.0,3084970.6666666665,9631880.533333333,40.015,68.44766666666666,2.1121666666666665,197.8676,2.0874666666666664,36.71973333333334,1.9374,360.0865,51.95686666666666,18.4766,0.09006077096104007,0.23085736333484827,0.49342527243997836,0.106914149542099,0.0046939351148799135,4.0249617612154855,0.004700792257737057,0.2066807543880977,0.23576464651393547,0.05376906393553777,0.0
1685556780,3.138337052917207,6.076014034544605,98.79764326278044,4.810345889683793,0.8489243909291542,17.352997895004098,5.778944096744403,0.4305859484240891,10.77106719320852,13.110055214998336,0.6136191949787988,0.9757817434431179,102605755.73333333,55408230.4,16742536.533333333,39020407.46666667,42422272.0,26701960.533333335,123663155.2,36771157.333333336,10240000.0,49998506.666666664,3088110.933333333,9407283.2,21.636599999999998,63.205733333333335,3.0570666666666666,181.8285,2.9697,30.37636666666667,2.7379000000000002,325.7113,41.95183333333333,18.752299999999998,0.12021439619235494,0.23085074043861603,0.48541674598798257,0.13383578868926385,0.004635527025164687,4.466423229573463,0.004654508675239846,0.2278693508103308,0.2956308695777644,0.06624707347917509,0.0
1685556810,3.045788086269254,5.95641465711076,98.74975620962852,4.542369396919642,0.8568166242615914,18.028824636678635,5.161209528939318,0.428292552536952,9.964570174201798,11.705676823207437,0.552450696054389,0.8843921126297722,102633472.0,55314158.93333333,16561493.333333334,39226163.2,42422272.0,27132859.733333334,123748625.06666666,36650188.8,10347178.666666666,49975296.0,3087291.7333333334,9475413.333333334,35.182,51.19603333333334,2.9585333333333335,179.52063333333334,2.9581666666666666,28.8584,3.1997666666666666,324.3771666666667,45.096133333333334,19.60213333333333,0.10103427874745038,0.21424716330174226,0.48958933745334365,0.1581875910990251,0.004696939864110355,4.747114478429475,0.004600000000000001,0.2411990447546775,0.33303686383209125,0.06913471260575803,0.0
1685556840,2.4345362032861244,5.131948636166298,61.42939989321408,4.15893837965627,0.8235709299339078,14.256223396176857,4.248830967342547,0.4145548260706586,6.24253491990793,8.757893813028604,0.4064141995500021,0.6708989579529397,102746112.0,55451648.0,16593578.666666666,38895616.0,42422272.0,26836992.0,123850752.0,36540416.0,10774391.466666667,49975296.0,3092480.0,9355264.0,37.22633333333333,85.4906,1.7921666666666667,204.94446666666667,1.7236333333333334,28.222433333333335,1.8698333333333332,295.82189999999997,38.66603333333333,13.620833333333334,0.09590882839702058,0.215976681580948,0.5144969411375662,0.17671327910517834,0.004754326361897879,4.847280315609102,0.004600000000000001,0.24687671460167504,0.3412330381573969,0.07643869394125896,0.0
1685556870,,,,,,,,,,,,,102768640.0,55451648.0,16609280.0,38895616.0,42422272.0,26836992.0,123850752.0,36540416.0,10809344.0,49975296.0,3092480.0,9355264.0,39.942,100.937,0.0,208.774,0.0,26.971,0.0,286.75,37.896,12.121,0.11010903258793503,0.20743370426583801,0.47021472220747584,0.18068345507915154,0.0046794350282485875,4.781033339271594,0.004600000000000001,0.248079824830277,0.3387950679194616,0.08550008394509089,0.0
1685556900,,,,,,,,,,,,,102768640.0,55451648.0,16609280.0,38895616.0,42422272.0,26836992.0,123850752.0,36540416.0,10809344.0,49975296.0,3092480.0,9355264.0,39.942,100.937,0.0,208.77399999999997,0.0,26.970999999999997,0.0,286.75,37.896,12.121,0.09620743034055732,0.1950170010743135,0.44666666666666666,0.14881676729443294,0.0046,4.630324684728067,0.0046,0.20868765342316728,0.34268339768339773,0.059104880012941674,0.0
1685556930,,,,,,,,,,,,,102768640.0,55451648.0,16609280.0,38895616.0,42422272.0,26836992.0,123850752.0,36540416.0,10809344.0,49975296.0,3092480.0,9355264.0,,,,,,,,,,,,,,,,,,,,,0.0
1685556960,,,,,,,,,,,,,102768640.0,55451648.0,16609280.0,38895616.0,42422272.0,26836992.0,123850752.0,36540416.0,10809344.0,49975296.0,3092480.0,9355264.0,,,,,,,,,,,,,,,,,,,,,0.0
