incident_id,group_id,split,t0,cutoff,release
re1ob_adservice_cpu_1,adservice-cpu,train,1685202688.0,1685202868.0,unknown
re1ob_adservice_cpu_1-control,adservice-cpu,train,1685201688.0,1685201868.0,unknown
re1ob_adservice_cpu_2,adservice-cpu,train,1685206967.0,1685207147.0,unknown
re1ob_adservice_cpu_2-control,adservice-cpu,train,1685205967.0,1685206147.0,unknown
re1ob_adservice_cpu_3,adservice-cpu,train,1685211245.0,1685211425.0,unknown
re1ob_adservice_cpu_3-control,adservice-cpu,train,1685210245.0,1685210425.0,unknown
re1ob_adservice_cpu_4,adservice-cpu,train,1685229704.0,1685229884.0,unknown
re1ob_adservice_cpu_4-control,adservice-cpu,train,1685228704.0,1685228884.0,unknown
re1ob_adservice_cpu_5,adservice-cpu,train,1685220134.0,1685220314.0,unknown
re1ob_adservice_cpu_5-control,adservice-cpu,train,1685219134.0,1685219314.0,unknown
re1ob_cartservice_cpu_1,cartservice-cpu,validation,1685251430.0,1685251610.0,unknown
re1ob_cartservice_cpu_1-control,cartservice-cpu,validation,1685250430.0,1685250610.0,unknown
re1ob_cartservice_cpu_2,cartservice-cpu,validation,1685255770.0,1685255950.0,unknown
re1ob_cartservice_cpu_2-control,cartservice-cpu,validation,1685254770.0,1685254950.0,unknown
re1ob_cartservice_cpu_3,cartservice-cpu,validation,1685260110.0,1685260290.0,unknown
re1ob_cartservice_cpu_3-control,cartservice-cpu,validation,1685259110.0,1685259290.0,unknown
re1ob_cartservice_cpu_4,cartservice-cpu,validation,1685264450.0,1685264630.0,unknown
re1ob_cartservice_cpu_4-control,cartservice-cpu,validation,1685263450.0,1685263630.0,unknown
re1ob_cartservice_cpu_5,cartservice-cpu,validation,1685268791.0,1685268971.0,unknown
re1ob_cartservice_cpu_5-control,cartservice-cpu,validation,1685267791.0,1685267971.0,unknown
re1ob_checkoutservice_cpu_1,checkoutservice-cpu,test,1685294851.0,1685295031.0,unknown
re1ob_checkoutservice_cpu_1-control,checkoutservice-cpu,test,1685293851.0,1685294031.0,unknown
re1ob_checkoutservice_cpu_2,checkoutservice-cpu,test,1685551922.0,1685552102.0,unknown
re1ob_checkoutservice_cpu_2-control,checkoutservice-cpu,test,1685550922.0,1685551102.0,unknown
re1ob_checkoutservice_cpu_3,checkoutservice-cpu,test,1685303532.0,1685303712.0,unknown
re1ob_checkoutservice_cpu_3-control,checkoutservice-cpu,test,1685302532.0,1685302712.0,unknown
re1ob_checkoutservice_cpu_4,checkoutservice-cpu,test,1685556376.0,1685556556.0,unknown
re1ob_checkoutservice_cpu_4-control,checkoutservice-cpu,test,1685555376.0,1685555556.0,unknown
re1ob_checkoutservice_cpu_5,checkoutservice-cpu,test,1685569563.0,1685569743.0,unknown
re1ob_checkoutservice_cpu_5-control,checkoutservice-cpu,test,1685568563.0,1685568743.0,unknown
