timestamp,nodeid,cpu_utilization,memory_utilization
0,node-1,0.5,0.4
30000,node-1,0.51,0.4
60000,node-1,0.52,0.4
90000,node-1,0.53,0.4
120000,node-1,0.54,0.4
150000,node-1,0.55,0.4
180000,node-1,0.56,0.4
210000,node-1,0.5700000000000001,0.4
240000,node-1,0.58,0.4
270000,node-1,0.59,0.4
300000,node-1,0.6,0.4
330000,node-1,0.61,0.4
360000,node-1,0.62,0.4
390000,node-1,0.63,0.4
420000,node-1,0.64,0.4
450000,node-1,0.65,0.4
480000,node-1,0.66,0.4
510000,node-1,0.67,0.4
540000,node-1,0.6799999999999999,0.4
570000,node-1,0.69,0.4
600000,node-1,0.7,0.4
630000,node-1,0.71,0.4
660000,node-1,0.72,0.4
690000,node-1,0.73,0.4
720000,node-1,0.74,0.4
750000,node-1,0.75,0.4
780000,node-1,0.76,0.4
810000,node-1,0.77,0.4
840000,node-1,0.78,0.4
870000,node-1,0.79,0.4
