series,reference,n,nonfinite,status,median,p01,p99,minimum,maximum,constant,zero_fraction,repeated_adjacent_fraction,reference_median,reference_scale,reference_n,suspected_outlier_fraction,median_step_seconds,gap_over_2x_median_count,raw_missing,isolated_spike_candidates,observed_unit
adservice / adservice_cpu,labelled_or_pre_injection_proxy,782,0,PROFILED,2.5262785309515405,1.5358599230769907,96.71869461723732,1.5111495672938113,100.00086039144806,False,0.0,0.0,1.6603573287875195,0.11971897506982769,230,0.5562659846547314,30.0,0,0,2,source_cpu_unit
adservice / adservice_latency,labelled_or_pre_injection_proxy,782,0,PROFILED,0.07547661966372915,0.004603355189999554,0.13184020388793866,0.004600000000000001,0.15653576390786125,False,0.0,0.0,0.004738847916922199,0.00019031992789980896,230,0.7301790281329923,30.0,0,0,8,upstream_preprocessed_latency
adservice / adservice_load,labelled_or_pre_injection_proxy,782,0,PROFILED,42.4,29.044867333333332,64.24555266666667,24.560866666666666,67.16720000000001,False,0.0,0.002560819462227913,57.712133333333334,5.104344699999999,230,0.0038363171355498722,30.0,0,0,0,upstream_preprocessed_load
adservice / adservice_mem,labelled_or_pre_injection_proxy,782,0,PROFILED,101027362.13333333,93959311.36,104536713.89866666,93265920.0,104864699.73333333,False,0.0,0.03201024327784891,95848243.2,2190635.991040001,230,0.0,30.0,0,0,0,bytes
cartservice / cartservice_cpu,labelled_or_pre_injection_proxy,782,0,PROFILED,6.002738111076207,4.57399700921225,96.08933574065493,4.268285140062037,98.05894506995514,False,0.0,0.0,6.040981240230517,0.6836035825592067,230,0.034526854219948847,30.0,0,0,1,source_cpu_unit
cartservice / cartservice_latency,labelled_or_pre_injection_proxy,782,0,PROFILED,0.1662386906727879,0.004760669910977661,0.5197257850088484,0.004723281919064553,0.6934836340809499,False,0.0,0.0,0.0073434981371088524,0.00380902608474535,230,0.7327365728900256,30.0,0,0,7,upstream_preprocessed_latency
cartservice / cartservice_load,labelled_or_pre_injection_proxy,782,0,PROFILED,72.86316666666667,51.779231333333335,107.25943866666665,46.772733333333335,109.35976666666667,False,0.0,0.0,97.29383333333332,8.51069233000001,230,0.0,30.0,0,0,0,upstream_preprocessed_load
cartservice / cartservice_mem,labelled_or_pre_injection_proxy,782,0,PROFILED,58900548.266666666,52748581.54666667,63573139.456,52665821.86666667,65648503.46666667,False,0.0,0.012804097311139564,53444608.0,886416.0972799974,230,0.5447570332480819,30.0,0,0,0,bytes
checkoutservice / checkoutservice_cpu,labelled_or_pre_injection_proxy,782,0,PROFILED,1.309404923231917,0.9093795158371455,99.45669322875632,0.8619067285260388,100.00428006919385,False,0.0,0.0,1.665526609635927,0.3171111734300517,230,0.03964194373401535,30.0,0,0,1,source_cpu_unit
checkoutservice / checkoutservice_latency,labelled_or_pre_injection_proxy,782,0,PROFILED,0.4667093032285227,0.04790171570050788,1.2366434558823487,0.04754833728388936,1.7059880952380952,False,0.0,0.0,0.04927193120975727,0.0017095705972667201,230,0.7621483375959079,30.0,0,0,2,upstream_preprocessed_latency
checkoutservice / checkoutservice_load,labelled_or_pre_injection_proxy,782,0,PROFILED,2.933333333333333,1.3333333333333333,4.933117333333333,1.0,5.4718333333333335,False,0.0,0.008962868117797696,3.466666666666667,0.7917084,230,0.0,30.0,0,0,0,upstream_preprocessed_load
checkoutservice / checkoutservice_mem,labelled_or_pre_injection_proxy,782,0,PROFILED,12097262.933333334,10789993.130666666,16880406.528,10586112.0,17026525.866666667,False,0.0,0.0,11602056.533333333,242909.18399999998,230,0.03836317135549872,30.0,0,0,0,bytes
currencyservice / currencyservice_cpu,labelled_or_pre_injection_proxy,782,0,PROFILED,10.442720162801585,4.584268467633109,20.966610531277304,4.427517928522681,21.889674783174446,False,0.0,0.0,8.436695496421647,0.5221267074478437,230,0.551150895140665,30.0,0,0,0,source_cpu_unit
currencyservice / currencyservice_latency,labelled_or_pre_injection_proxy,782,0,PROFILED,0.1540307732873974,0.004642345943553931,0.23532450373055946,0.004629026579032722,0.23863198632218793,False,0.0,0.0,0.004821051624882498,0.00024341085795837684,230,0.7710997442455243,30.0,0,0,4,upstream_preprocessed_latency
currencyservice / currencyservice_load,labelled_or_pre_injection_proxy,782,0,PROFILED,222.3071,169.202326,336.40599999999995,151.94223333333332,354.15293333333335,False,0.0,0.0,306.33333333333337,23.564123170000016,230,0.0038363171355498722,30.0,0,0,0,upstream_preprocessed_load
currencyservice / currencyservice_mem,labelled_or_pre_injection_proxy,782,0,PROFILED,39118028.8,38146243.24266667,41726988.287999995,37469388.8,42140330.666666664,False,0.0,0.0,39802402.13333333,1110499.8195200006,230,0.0,30.0,0,0,0,bytes
emailservice / emailservice_cpu,labelled_or_pre_injection_proxy,782,0,PROFILED,0.8899548712184053,0.7192992731661264,1.3657605679529676,0.6680802707284761,2.103468950145632,False,0.0,0.0,0.9719478252569956,0.08720576113838825,230,0.00639386189258312,30.0,0,0,0,source_cpu_unit
emailservice / emailservice_latency,labelled_or_pre_injection_proxy,782,0,PROFILED,0.004600000000000001,0.004600000000000001,0.005217397440793939,0.004600000000000001,0.011373921911421914,False,0.0,0.8463508322663252,0.004600000000000001,4.600000000000001e-05,230,0.01278772378516624,30.0,0,0,0,upstream_preprocessed_latency
emailservice / emailservice_load,labelled_or_pre_injection_proxy,782,0,PROFILED,2.8731166666666663,1.3918113333333333,4.87760433333333,1.0,5.733333333333333,False,0.0,0.015364916773367477,3.466666666666667,0.7836035199999992,230,0.0,30.0,0,0,0,upstream_preprocessed_load
emailservice / emailservice_mem,labelled_or_pre_injection_proxy,782,0,PROFILED,42549248.0,42081792.0,42972049.408,42070016.0,44199116.8,False,0.0,0.42893725992317544,42329907.2,423299.07200000004,230,0.0,30.0,0,0,0,bytes
frontend / frontend_cpu,labelled_or_pre_injection_proxy,782,0,PROFILED,18.261145358613213,17.119177862849845,19.459251067896638,16.728474378024767,19.614487928736917,False,0.0,0.0,18.550384794483357,0.6125599057719612,230,0.0,30.0,0,0,0,source_cpu_unit
frontend / frontend_error,labelled_or_pre_injection_proxy,782,0,PROFILED,0.0,0.0,0.011684999999996365,0.0,0.06666666666666667,False,0.989769820971867,0.9833546734955185,0.0,1e-06,230,0.010230179028132993,30.0,0,0,4,upstream_preprocessed_error
frontend / frontend_latency,labelled_or_pre_injection_proxy,782,0,PROFILED,3.7576238580478543,0.21902517492636464,4.805468572114857,0.21721847729388707,4.939060570312112,False,0.0,0.0,0.25662048676390536,0.05348818677833148,230,0.7199488491048593,30.0,0,0,1,upstream_preprocessed_latency
frontend / frontend_load,labelled_or_pre_injection_proxy,782,0,PROFILED,36.6,27.406678333333335,55.745999999999995,25.4,57.86063333333333,False,0.0,0.002560819462227913,50.75743333333333,3.680826310000001,230,0.03580562659846547,30.0,0,0,0,upstream_preprocessed_load
frontend / frontend_mem,labelled_or_pre_injection_proxy,782,0,PROFILED,24799846.4,17140436.992,27326473.55733333,17025160.533333335,27954926.933333334,False,0.0,0.0012804097311139564,17725235.2,671239.0451199998,230,0.7992327365728901,30.0,0,0,0,bytes
main / main_cpu,labelled_or_pre_injection_proxy,782,0,PROFILED,9.763392930862162,5.2701649398721635,19.34856461563325,5.009338266979084,19.997776307812988,False,0.0,0.0,7.844834102344077,0.5225966308388192,230,0.46675191815856776,30.0,0,0,1,source_cpu_unit
main / main_mem,labelled_or_pre_injection_proxy,782,0,PROFILED,129425408.0,71110176.76799999,187736064.0,69138158.93333334,187985920.0,False,0.0,0.25480153649167736,75926869.33333334,6729394.0940800095,230,0.6010230179028133,30.0,0,0,0,bytes
paymentservice / paymentservice_cpu,labelled_or_pre_injection_proxy,782,0,PROFILED,0.6721449764811351,0.38933460077610965,2.1730317418198197,0.36133316334989296,2.595205395086828,False,0.0,0.0,0.454881427885228,0.06272750283398251,230,0.44884910485933505,30.0,0,0,4,source_cpu_unit
paymentservice / paymentservice_latency,labelled_or_pre_injection_proxy,782,0,PROFILED,0.009278409177953542,0.004600000000000001,0.0483482961310979,0.004600000000000001,0.06335185185185185,False,0.0,0.1613316261203585,0.004659441120081893,8.812740463341283e-05,230,0.5537084398976982,30.0,0,0,2,upstream_preprocessed_latency
paymentservice / paymentservice_load,labelled_or_pre_injection_proxy,782,0,PROFILED,2.933333333333333,1.2666666666666666,4.813177666666663,1.1235666666666666,5.8,False,0.0,0.01792573623559539,3.466666666666667,0.6932637599999997,230,0.0,30.0,0,0,0,upstream_preprocessed_load
paymentservice / paymentservice_mem,labelled_or_pre_injection_proxy,782,0,PROFILED,36557619.2,34759731.88266667,40678858.752,34546892.8,41350758.4,False,0.0,0.0012804097311139564,36829866.666666664,1650466.693119997,230,0.0,30.0,0,0,0,bytes
productcatalogservice / productcatalogservice_cpu,labelled_or_pre_injection_proxy,782,0,PROFILED,11.131131142929659,9.368365077336076,12.98071737423951,8.976457938713526,13.773938843903291,False,0.0,0.0,11.86008796038659,0.6854289308014574,230,0.0,30.0,0,0,0,source_cpu_unit
productcatalogservice / productcatalogservice_latency,labelled_or_pre_injection_proxy,782,0,PROFILED,0.18301367332513535,0.004754318274243379,0.2417882826386199,0.004650157092688763,0.2513751158040586,False,0.0,0.0,0.005237606978988785,0.0006959029489201856,230,0.7225063938618926,30.0,0,0,9,upstream_preprocessed_latency
productcatalogservice / productcatalogservice_load,labelled_or_pre_injection_proxy,782,0,PROFILED,398.7539833333333,308.02463766666665,599.3966666666666,292.64816666666667,607.8666666666667,False,0.0,0.0,552.3413166666667,34.71535081000002,230,0.12531969309462915,30.0,0,0,0,upstream_preprocessed_load
productcatalogservice / productcatalogservice_mem,labelled_or_pre_injection_proxy,782,0,PROFILED,9991372.8,9344270.336000001,10921724.586666666,9244125.866666667,11350835.2,False,0.0,0.0,9667788.8,229549.1788800011,230,0.005115089514066497,30.0,0,0,0,bytes
recommendationservice / recommendationservice_cpu,labelled_or_pre_injection_proxy,782,0,PROFILED,11.269219022178032,6.298492584088959,14.035338007098453,6.116721157241073,14.777174630998076,False,0.0,0.0,6.699080765394246,0.4257228224976675,230,0.5703324808184144,30.0,0,0,0,source_cpu_unit
recommendationservice / recommendationservice_latency,labelled_or_pre_injection_proxy,782,0,PROFILED,0.2188552998862552,0.009176151179667916,0.3651121321889112,0.008739818996246007,0.3868176426336912,False,0.0,0.0,0.010213284803071206,0.0015349642382970793,230,0.7237851662404092,30.0,0,0,8,upstream_preprocessed_latency
recommendationservice / recommendationservice_load,labelled_or_pre_injection_proxy,782,0,PROFILED,52.86786666666667,36.552609333333336,79.02692633333334,34.52936666666667,81.5825,False,0.0,0.002560819462227913,72.67806666666667,3.927283849999997,230,0.309462915601023,30.0,0,0,0,upstream_preprocessed_load
recommendationservice / recommendationservice_mem,labelled_or_pre_injection_proxy,782,0,PROFILED,50092032.0,46977024.0,51673567.23199999,46977024.0,52842496.0,False,0.0,0.39180537772087065,47104000.0,471040.0,230,0.5652173913043478,30.0,0,0,0,bytes
redis / redis_cpu,labelled_or_pre_injection_proxy,782,0,PROFILED,0.4698092479804469,0.2486408699845135,0.7744637965842043,0.22831326072937752,0.8924450420336212,False,0.0,0.0,0.6065939595696251,0.07511451034434846,230,0.0,30.0,0,0,0,source_cpu_unit
redis / redis_mem,labelled_or_pre_injection_proxy,782,0,PROFILED,3073365.333333333,2961518.5919999997,3195666.432,2953216.0,3216998.4,False,0.0,0.012804097311139564,3013905.0666666664,62650.327039999625,230,0.0,30.0,0,0,0,bytes
shippingservice / shippingservice_cpu,labelled_or_pre_injection_proxy,782,0,PROFILED,1.0420153388698794,0.7998484856761515,1.893137451269289,0.7492165936613908,2.7988891412427788,False,0.0,0.0,1.4941247921297982,0.17871935789255808,230,0.0038363171355498722,30.0,0,0,0,source_cpu_unit
shippingservice / shippingservice_latency,labelled_or_pre_injection_proxy,782,0,PROFILED,0.04246652504419349,0.004619778277742904,0.08075096617522623,0.004615085876997319,0.08587504286224454,False,0.0,0.0,0.004658493888513275,5.0848583808442024e-05,230,0.7352941176470589,30.0,0,0,4,upstream_preprocessed_latency
shippingservice / shippingservice_load,labelled_or_pre_injection_proxy,782,0,PROFILED,21.686566666666664,14.920666666666667,33.407419,13.066666666666666,35.35223333333333,False,0.0,0.002560819462227913,28.344816666666667,3.23938216,230,0.0,30.0,0,0,0,upstream_preprocessed_load
shippingservice / shippingservice_mem,labelled_or_pre_injection_proxy,782,0,PROFILED,9502651.733333334,8903131.136,9856472.40533333,8758340.266666668,10177604.266666668,False,0.0,0.0,9322154.666666668,127122.47296000036,230,0.0012787723785166241,30.0,0,0,1,bytes
