series,capture,sample,timestamp,observed_value,robust_z,existing_label,reason,reviewer,review_status,confirmed_cause,label_confidence,comment
adservice / adservice_cpu,re1ob_adservice_cpu_1,re1ob_adservice_cpu_1,1685202840.0,100.00086039144806,821.4278731111933,incident_root,large_deviation_not_proof_of_bad_data,,pending,,,
adservice / adservice_cpu,re1ob_adservice_cpu_3,re1ob_adservice_cpu_3,1685211360.0,100.00010778909929,821.421586702975,incident_root,large_deviation_not_proof_of_bad_data,,pending,,,
adservice / adservice_cpu,re1ob_adservice_cpu_2,re1ob_adservice_cpu_2,1685207100.0,99.45067755171091,816.8322537499663,incident_root,large_deviation_not_proof_of_bad_data,,pending,,,
adservice / adservice_latency,re1ob_checkoutservice_cpu_4,re1ob_checkoutservice_cpu_4-control,1685555040.0,0.15653576390786125,797.5881331294443,normal_proxy,large_deviation_not_proof_of_bad_data,,pending,,,
adservice / adservice_latency,re1ob_checkoutservice_cpu_5,re1ob_checkoutservice_cpu_5,1685569680.0,0.14924266121446902,759.2679068984236,incident_symptom,large_deviation_not_proof_of_bad_data,,pending,,,
adservice / adservice_latency,re1ob_checkoutservice_cpu_4,re1ob_checkoutservice_cpu_4-control,1685555010.0,0.14895567883580352,757.7600123661359,normal_proxy,large_deviation_not_proof_of_bad_data,,pending,,,
adservice / adservice_load,re1ob_checkoutservice_cpu_2,re1ob_checkoutservice_cpu_2-control,1685550450.0,24.560866666666666,6.49471550513951,normal_proxy,large_deviation_not_proof_of_bad_data,,pending,,,
adservice / adservice_load,re1ob_checkoutservice_cpu_2,re1ob_checkoutservice_cpu_2,1685551650.0,25.4077,6.328811087803953,pre_injection_proxy,large_deviation_not_proof_of_bad_data,,pending,,,
adservice / adservice_load,re1ob_checkoutservice_cpu_5,re1ob_checkoutservice_cpu_5,1685569740.0,26.587899999999998,6.097596295433054,incident_symptom,large_deviation_not_proof_of_bad_data,,pending,,,
cartservice / cartservice_cpu,re1ob_cartservice_cpu_1,re1ob_cartservice_cpu_1,1685251560.0,98.05894506995514,134.60719951940123,incident_root,large_deviation_not_proof_of_bad_data,,pending,,,
cartservice / cartservice_cpu,re1ob_cartservice_cpu_3,re1ob_cartservice_cpu_3,1685260260.0,97.67110713547969,134.03985618713915,incident_root,large_deviation_not_proof_of_bad_data,,pending,,,
cartservice / cartservice_cpu,re1ob_cartservice_cpu_3,re1ob_cartservice_cpu_3,1685260290.0,97.50268499319155,133.79348219702982,incident_root,large_deviation_not_proof_of_bad_data,,pending,,,
cartservice / cartservice_latency,re1ob_cartservice_cpu_1,re1ob_cartservice_cpu_1-control,1685250570.0,0.6934836340809499,180.1353208610837,normal_proxy,large_deviation_not_proof_of_bad_data,,pending,,,
cartservice / cartservice_latency,re1ob_cartservice_cpu_3,re1ob_cartservice_cpu_3,1685260110.0,0.6662995956872494,172.99857834767087,incident_root,large_deviation_not_proof_of_bad_data,,pending,,,
cartservice / cartservice_latency,re1ob_adservice_cpu_4,re1ob_adservice_cpu_4,1685229300.0,0.6653245322424731,172.74259074793213,pre_injection_proxy,large_deviation_not_proof_of_bad_data,,pending,,,
cartservice / cartservice_mem,re1ob_cartservice_cpu_2,re1ob_cartservice_cpu_2,1685255850.0,65648503.46666667,13.767682586219722,incident_root,large_deviation_not_proof_of_bad_data,,pending,,,
cartservice / cartservice_mem,re1ob_cartservice_cpu_5,re1ob_cartservice_cpu_5,1685268840.0,63777177.6,11.656568096750382,incident_root,large_deviation_not_proof_of_bad_data,,pending,,,
cartservice / cartservice_mem,re1ob_cartservice_cpu_4,re1ob_cartservice_cpu_4,1685264520.0,63642555.733333334,11.504696005212605,incident_root,large_deviation_not_proof_of_bad_data,,pending,,,
checkoutservice / checkoutservice_cpu,re1ob_checkoutservice_cpu_1,re1ob_checkoutservice_cpu_1,1685294940.0,100.00428006919385,310.10813146654846,incident_root,large_deviation_not_proof_of_bad_data,,pending,,,
checkoutservice / checkoutservice_cpu,re1ob_checkoutservice_cpu_1,re1ob_checkoutservice_cpu_1,1685295000.0,100.00264839996682,310.10298604953465,incident_root,large_deviation_not_proof_of_bad_data,,pending,,,
checkoutservice / checkoutservice_cpu,re1ob_checkoutservice_cpu_4,re1ob_checkoutservice_cpu_4,1685556510.0,99.93135212046282,309.87815549962744,incident_root,large_deviation_not_proof_of_bad_data,,pending,,,
checkoutservice / checkoutservice_latency,re1ob_cartservice_cpu_1,re1ob_cartservice_cpu_1-control,1685249910.0,1.7059880952380952,969.0832111157699,normal_proxy,large_deviation_not_proof_of_bad_data,,pending,,,
checkoutservice / checkoutservice_latency,re1ob_cartservice_cpu_2,re1ob_cartservice_cpu_2-control,1685254230.0,1.5645415695415694,886.3451680523995,normal_proxy,large_deviation_not_proof_of_bad_data,,pending,,,
checkoutservice / checkoutservice_latency,re1ob_adservice_cpu_5,re1ob_adservice_cpu_5,1685220270.0,1.559020979020979,883.1159416434891,incident_symptom,large_deviation_not_proof_of_bad_data,,pending,,,
checkoutservice / checkoutservice_mem,re1ob_checkoutservice_cpu_1,re1ob_checkoutservice_cpu_1,1685295030.0,17026525.866666667,22.331264895004278,incident_root,large_deviation_not_proof_of_bad_data,,pending,,,
checkoutservice / checkoutservice_mem,re1ob_checkoutservice_cpu_3,re1ob_checkoutservice_cpu_3,1685303610.0,17022293.333333332,22.31384055038446,incident_root,large_deviation_not_proof_of_bad_data,,pending,,,
checkoutservice / checkoutservice_mem,re1ob_checkoutservice_cpu_1,re1ob_checkoutservice_cpu_1,1685294910.0,17008093.866666667,22.255384684563158,incident_root,large_deviation_not_proof_of_bad_data,,pending,,,
currencyservice / currencyservice_cpu,re1ob_cartservice_cpu_2,re1ob_cartservice_cpu_2,1685255310.0,21.889674783174446,25.765736735649828,pre_injection_proxy,large_deviation_not_proof_of_bad_data,,pending,,,
currencyservice / currencyservice_cpu,re1ob_checkoutservice_cpu_1,re1ob_checkoutservice_cpu_1-control,1685293470.0,21.825628023848605,25.64307156948949,normal_proxy,large_deviation_not_proof_of_bad_data,,pending,,,
currencyservice / currencyservice_cpu,re1ob_adservice_cpu_5,re1ob_adservice_cpu_5-control,1685219040.0,21.79896775654654,25.592010654731112,normal_proxy,large_deviation_not_proof_of_bad_data,,pending,,,
currencyservice / currencyservice_latency,re1ob_cartservice_cpu_2,re1ob_cartservice_cpu_2,1685255940.0,0.23863198632218793,960.56082566903,incident_symptom,large_deviation_not_proof_of_bad_data,,pending,,,
currencyservice / currencyservice_latency,re1ob_cartservice_cpu_1,re1ob_cartservice_cpu_1,1685251530.0,0.23796441429431206,957.818252747365,incident_symptom,large_deviation_not_proof_of_bad_data,,pending,,,
currencyservice / currencyservice_latency,re1ob_cartservice_cpu_1,re1ob_cartservice_cpu_1,1685251500.0,0.2375465988600306,956.1017498855539,incident_symptom,large_deviation_not_proof_of_bad_data,,pending,,,
currencyservice / currencyservice_load,re1ob_checkoutservice_cpu_4,re1ob_checkoutservice_cpu_4-control,1685555520.0,151.94223333333332,6.551956076878711,normal_proxy,large_deviation_not_proof_of_bad_data,,pending,,,
currencyservice / currencyservice_load,re1ob_checkoutservice_cpu_4,re1ob_checkoutservice_cpu_4,1685556270.0,163.8902,6.044915497415187,pre_injection_proxy,large_deviation_not_proof_of_bad_data,,pending,,,
currencyservice / currencyservice_load,re1ob_checkoutservice_cpu_4,re1ob_checkoutservice_cpu_4,1685556180.0,164.9354,6.000559932285114,pre_injection_proxy,large_deviation_not_proof_of_bad_data,,pending,,,
emailservice / emailservice_cpu,re1ob_checkoutservice_cpu_2,re1ob_checkoutservice_cpu_2-control,1685550360.0,2.103468950145632,12.975302435500868,normal_proxy,large_deviation_not_proof_of_bad_data,,pending,,,
emailservice / emailservice_cpu,re1ob_checkoutservice_cpu_2,re1ob_checkoutservice_cpu_2-control,1685550660.0,2.045988440216901,12.316165823671817,normal_proxy,large_deviation_not_proof_of_bad_data,,pending,,,
emailservice / emailservice_cpu,re1ob_checkoutservice_cpu_2,re1ob_checkoutservice_cpu_2-control,1685550330.0,1.7977645959110498,9.469750161844834,normal_proxy,large_deviation_not_proof_of_bad_data,,pending,,,
emailservice / emailservice_latency,re1ob_checkoutservice_cpu_2,re1ob_checkoutservice_cpu_2-control,1685550660.0,0.011373921911421914,147.25917198743286,normal_proxy,large_deviation_not_proof_of_bad_data,,pending,,,
emailservice / emailservice_latency,re1ob_checkoutservice_cpu_2,re1ob_checkoutservice_cpu_2-control,1685550360.0,0.008690716952129996,88.92862939413031,normal_proxy,large_deviation_not_proof_of_bad_data,,pending,,,
emailservice / emailservice_latency,re1ob_checkoutservice_cpu_2,re1ob_checkoutservice_cpu_2-control,1685550630.0,0.00849882615644314,84.75709035745955,normal_proxy,large_deviation_not_proof_of_bad_data,,pending,,,
frontend / frontend_error,re1ob_adservice_cpu_2,re1ob_adservice_cpu_2-control,1685205450.0,0.06666666666666667,66666.66666666667,normal_proxy,large_deviation_not_proof_of_bad_data,,pending,,,
frontend / frontend_error,re1ob_adservice_cpu_5,re1ob_adservice_cpu_5-control,1685219070.0,0.06666666666666667,66666.66666666667,normal_proxy,large_deviation_not_proof_of_bad_data,,pending,,,
frontend / frontend_error,re1ob_adservice_cpu_5,re1ob_adservice_cpu_5,1685219910.0,0.06666666666666667,66666.66666666667,pre_injection_proxy,large_deviation_not_proof_of_bad_data,,pending,,,
frontend / frontend_latency,re1ob_checkoutservice_cpu_5,re1ob_checkoutservice_cpu_5-control,1685568300.0,4.939060570312112,87.54157442190773,normal_proxy,large_deviation_not_proof_of_bad_data,,pending,,,
frontend / frontend_latency,re1ob_cartservice_cpu_2,re1ob_cartservice_cpu_2,1685255880.0,4.824119477040722,85.39266827656138,incident_symptom,large_deviation_not_proof_of_bad_data,,pending,,,
frontend / frontend_latency,re1ob_checkoutservice_cpu_5,re1ob_checkoutservice_cpu_5-control,1685568600.0,4.817933527924509,85.27701752283795,normal_proxy,large_deviation_not_proof_of_bad_data,,pending,,,
frontend / frontend_load,re1ob_cartservice_cpu_2,re1ob_cartservice_cpu_2,1685255940.0,25.4,6.889060009281809,incident_symptom,large_deviation_not_proof_of_bad_data,,pending,,,
frontend / frontend_load,re1ob_cartservice_cpu_2,re1ob_cartservice_cpu_2,1685255910.0,26.533333333333335,6.581158131311008,incident_symptom,large_deviation_not_proof_of_bad_data,,pending,,,
frontend / frontend_load,re1ob_adservice_cpu_5,re1ob_adservice_cpu_5,1685220270.0,26.6,6.563046256136254,incident_symptom,large_deviation_not_proof_of_bad_data,,pending,,,
frontend / frontend_mem,re1ob_checkoutservice_cpu_1,re1ob_checkoutservice_cpu_1,1685294700.0,27954926.933333334,15.240012939808256,pre_injection_proxy,large_deviation_not_proof_of_bad_data,,pending,,,
frontend / frontend_mem,re1ob_checkoutservice_cpu_1,re1ob_checkoutservice_cpu_1,1685294310.0,27656738.133333333,14.79577656505045,pre_injection_proxy,large_deviation_not_proof_of_bad_data,,pending,,,
frontend / frontend_mem,re1ob_checkoutservice_cpu_1,re1ob_checkoutservice_cpu_1,1685294670.0,27568810.666666668,14.664783787878278,pre_injection_proxy,large_deviation_not_proof_of_bad_data,,pending,,,
main / main_cpu,re1ob_cartservice_cpu_3,re1ob_cartservice_cpu_3-control,1685259270.0,19.997776307812988,23.254918781168254,normal_proxy,large_deviation_not_proof_of_bad_data,,pending,,,
main / main_cpu,re1ob_checkoutservice_cpu_3,re1ob_checkoutservice_cpu_3-control,1685302410.0,19.987979333747813,23.236172058577544,normal_proxy,large_deviation_not_proof_of_bad_data,,pending,,,
main / main_cpu,re1ob_cartservice_cpu_2,re1ob_cartservice_cpu_2,1685255670.0,19.72310336032157,22.729326132301498,pre_injection_proxy,large_deviation_not_proof_of_bad_data,,pending,,,
main / main_mem,re1ob_checkoutservice_cpu_3,re1ob_checkoutservice_cpu_3,1685303700.0,187985920.0,16.652175381621262,incident_symptom,large_deviation_not_proof_of_bad_data,,pending,,,
main / main_mem,re1ob_checkoutservice_cpu_3,re1ob_checkoutservice_cpu_3,1685303670.0,187979093.33333334,16.651160926742975,incident_symptom,large_deviation_not_proof_of_bad_data,,pending,,,
main / main_mem,re1ob_checkoutservice_cpu_3,re1ob_checkoutservice_cpu_3,1685303640.0,187959705.6,16.648279874888633,incident_symptom,large_deviation_not_proof_of_bad_data,,pending,,,
paymentservice / paymentservice_cpu,re1ob_cartservice_cpu_5,re1ob_cartservice_cpu_5-control,1685267310.0,2.595205395086828,34.12098155519246,normal_proxy,large_deviation_not_proof_of_bad_data,,pending,,,
paymentservice / paymentservice_cpu,re1ob_adservice_cpu_5,re1ob_adservice_cpu_5,1685220180.0,2.5160993669224108,32.859875587467535,incident_symptom,large_deviation_not_proof_of_bad_data,,pending,,,
paymentservice / paymentservice_cpu,re1ob_cartservice_cpu_5,re1ob_cartservice_cpu_5-control,1685267280.0,2.2636604764710495,28.835502241704393,normal_proxy,large_deviation_not_proof_of_bad_data,,pending,,,
paymentservice / paymentservice_latency,re1ob_checkoutservice_cpu_1,re1ob_checkoutservice_cpu_1-control,1685293440.0,0.06335185185185185,665.994998671698,normal_proxy,large_deviation_not_proof_of_bad_data,,pending,,,
paymentservice / paymentservice_latency,re1ob_checkoutservice_cpu_1,re1ob_checkoutservice_cpu_1,1685295000.0,0.05913194444444444,618.110831142186,incident_symptom,large_deviation_not_proof_of_bad_data,,pending,,,
paymentservice / paymentservice_latency,re1ob_checkoutservice_cpu_1,re1ob_checkoutservice_cpu_1-control,1685293470.0,0.052401620370370376,541.7404432694186,normal_proxy,large_deviation_not_proof_of_bad_data,,pending,,,
productcatalogservice / productcatalogservice_latency,re1ob_checkoutservice_cpu_2,re1ob_checkoutservice_cpu_2-control,1685550570.0,0.2513751158040586,353.69516569371484,normal_proxy,large_deviation_not_proof_of_bad_data,,pending,,,
productcatalogservice / productcatalogservice_latency,re1ob_checkoutservice_cpu_4,re1ob_checkoutservice_cpu_4,1685555910.0,0.24814579326742073,349.05468738901914,pre_injection_proxy,large_deviation_not_proof_of_bad_data,,pending,,,
productcatalogservice / productcatalogservice_latency,re1ob_checkoutservice_cpu_2,re1ob_checkoutservice_cpu_2-control,1685550840.0,0.2476096355205314,348.2842383663195,normal_proxy,large_deviation_not_proof_of_bad_data,,pending,,,
productcatalogservice / productcatalogservice_load,re1ob_checkoutservice_cpu_5,re1ob_checkoutservice_cpu_5,1685569410.0,292.64816666666667,7.480643114376751,pre_injection_proxy,large_deviation_not_proof_of_bad_data,,pending,,,
productcatalogservice / productcatalogservice_load,re1ob_checkoutservice_cpu_2,re1ob_checkoutservice_cpu_2-control,1685550450.0,301.83979999999997,7.215871676990453,normal_proxy,large_deviation_not_proof_of_bad_data,,pending,,,
productcatalogservice / productcatalogservice_load,re1ob_checkoutservice_cpu_2,re1ob_checkoutservice_cpu_2,1685551950.0,304.0383,7.152542344326278,incident_symptom,large_deviation_not_proof_of_bad_data,,pending,,,
productcatalogservice / productcatalogservice_mem,re1ob_checkoutservice_cpu_5,re1ob_checkoutservice_cpu_5,1685569110.0,11350835.2,7.331964366902946,pre_injection_proxy,large_deviation_not_proof_of_bad_data,,pending,,,
productcatalogservice / productcatalogservice_mem,re1ob_cartservice_cpu_4,re1ob_cartservice_cpu_4-control,1685262870.0,11216759.466666667,6.747881539913521,normal_proxy,large_deviation_not_proof_of_bad_data,,pending,,,
productcatalogservice / productcatalogservice_mem,re1ob_cartservice_cpu_2,re1ob_cartservice_cpu_2,1685255430.0,11099067.733333332,6.235173396466584,pre_injection_proxy,large_deviation_not_proof_of_bad_data,,pending,,,
recommendationservice / recommendationservice_cpu,re1ob_checkoutservice_cpu_3,re1ob_checkoutservice_cpu_3,1685303010.0,14.777174630998076,18.975007771983115,pre_injection_proxy,large_deviation_not_proof_of_bad_data,,pending,,,
recommendationservice / recommendationservice_cpu,re1ob_cartservice_cpu_2,re1ob_cartservice_cpu_2,1685255610.0,14.679896475076598,18.74650661869573,pre_injection_proxy,large_deviation_not_proof_of_bad_data,,pending,,,
recommendationservice / recommendationservice_cpu,re1ob_checkoutservice_cpu_1,re1ob_checkoutservice_cpu_1-control,1685293740.0,14.50239581256843,18.329567114567688,normal_proxy,large_deviation_not_proof_of_bad_data,,pending,,,
recommendationservice / recommendationservice_latency,re1ob_adservice_cpu_5,re1ob_adservice_cpu_5,1685220240.0,0.3868176426336912,245.35057458304865,incident_symptom,large_deviation_not_proof_of_bad_data,,pending,,,
recommendationservice / recommendationservice_latency,re1ob_checkoutservice_cpu_5,re1ob_checkoutservice_cpu_5-control,1685568300.0,0.38115177671474243,241.6593707246222,normal_proxy,large_deviation_not_proof_of_bad_data,,pending,,,
recommendationservice / recommendationservice_latency,re1ob_checkoutservice_cpu_2,re1ob_checkoutservice_cpu_2,1685551800.0,0.37917875263043566,240.37398306862332,pre_injection_proxy,large_deviation_not_proof_of_bad_data,,pending,,,
recommendationservice / recommendationservice_load,re1ob_checkoutservice_cpu_5,re1ob_checkoutservice_cpu_5-control,1685568600.0,34.52936666666667,9.713761840769424,normal_proxy,large_deviation_not_proof_of_bad_data,,pending,,,
recommendationservice / recommendationservice_load,re1ob_checkoutservice_cpu_5,re1ob_checkoutservice_cpu_5-control,1685568720.0,35.520999999999994,9.461263327494574,normal_proxy,large_deviation_not_proof_of_bad_data,,pending,,,
recommendationservice / recommendationservice_load,re1ob_cartservice_cpu_2,re1ob_cartservice_cpu_2,1685255910.0,35.59023333333334,9.443634519397765,incident_symptom,large_deviation_not_proof_of_bad_data,,pending,,,
recommendationservice / recommendationservice_mem,re1ob_checkoutservice_cpu_1,re1ob_checkoutservice_cpu_1,1685294400.0,52842496.0,12.182608695652174,pre_injection_proxy,large_deviation_not_proof_of_bad_data,,pending,,,
recommendationservice / recommendationservice_mem,re1ob_checkoutservice_cpu_3,re1ob_checkoutservice_cpu_3,1685303430.0,52477952.0,11.408695652173913,pre_injection_proxy,large_deviation_not_proof_of_bad_data,,pending,,,
recommendationservice / recommendationservice_mem,re1ob_checkoutservice_cpu_3,re1ob_checkoutservice_cpu_3-control,1685302440.0,52128153.6,10.666086956521742,normal_proxy,large_deviation_not_proof_of_bad_data,,pending,,,
shippingservice / shippingservice_cpu,re1ob_checkoutservice_cpu_2,re1ob_checkoutservice_cpu_2-control,1685550360.0,2.7988891412427788,7.3006324804354685,normal_proxy,large_deviation_not_proof_of_bad_data,,pending,,,
shippingservice / shippingservice_cpu,re1ob_checkoutservice_cpu_2,re1ob_checkoutservice_cpu_2-control,1685550660.0,2.786830998999482,7.2331627760593715,normal_proxy,large_deviation_not_proof_of_bad_data,,pending,,,
shippingservice / shippingservice_cpu,re1ob_checkoutservice_cpu_2,re1ob_checkoutservice_cpu_2-control,1685550690.0,2.5680571757558557,6.009043431499349,normal_proxy,large_deviation_not_proof_of_bad_data,,pending,,,
shippingservice / shippingservice_latency,re1ob_checkoutservice_cpu_5,re1ob_checkoutservice_cpu_5,1685569440.0,0.08587504286224454,1597.2234208073944,pre_injection_proxy,large_deviation_not_proof_of_bad_data,,pending,,,
shippingservice / shippingservice_latency,re1ob_checkoutservice_cpu_5,re1ob_checkoutservice_cpu_5-control,1685568480.0,0.08350066975332732,1550.5284505430895,normal_proxy,large_deviation_not_proof_of_bad_data,,pending,,,
shippingservice / shippingservice_latency,re1ob_checkoutservice_cpu_4,re1ob_checkoutservice_cpu_4,1685556300.0,0.08331903269138079,1546.9563341075404,pre_injection_proxy,large_deviation_not_proof_of_bad_data,,pending,,,
shippingservice / shippingservice_mem,re1ob_adservice_cpu_1,re1ob_adservice_cpu_1-control,1685201400.0,10177604.266666668,6.7293341616251485,normal_proxy,large_deviation_not_proof_of_bad_data,,pending,,,
