method,status,input_requirement,implementation,next_validation
dummy,local_scoring_variant_tested,metric normal/incident windows,analysis/window_rank.py,Full-corpus equivalence and resource tests
nsigma,local_scoring_variant_tested,metric normal/incident windows,analysis/window_rank.py,Full-corpus equivalence and resource tests
baro,local_scoring_variant_tested,metric normal/incident windows,analysis/window_rank.py,Full-corpus equivalence and resource tests
e_diagnosis,research_not_integrated,metric normal/incident windows,No executable implementation bundled,"Pin official source/dependencies, validate license/schema, reproduce paper before enabling"
circa,research_not_integrated,metric + reviewed dependency graph,No executable implementation bundled,"Pin official source/dependencies, validate license/schema, reproduce paper before enabling"
rcd,research_not_integrated,metric normal/incident windows,No executable implementation bundled,"Pin official source/dependencies, validate license/schema, reproduce paper before enabling"
easyrca,research_not_integrated,metric + reviewed dependency graph,No executable implementation bundled,"Pin official source/dependencies, validate license/schema, reproduce paper before enabling"
microcause,research_not_integrated,metric normal/incident windows,No executable implementation bundled,"Pin official source/dependencies, validate license/schema, reproduce paper before enabling"
cloudranger,research_not_integrated,metric normal/incident windows,No executable implementation bundled,"Pin official source/dependencies, validate license/schema, reproduce paper before enabling"
ht,research_not_integrated,metric normal/incident windows,No executable implementation bundled,"Pin official source/dependencies, validate license/schema, reproduce paper before enabling"
causalrca,research_not_integrated,metric normal/incident windows,No executable implementation bundled,"Pin official source/dependencies, validate license/schema, reproduce paper before enabling"
run,research_not_integrated,metric normal/incident windows,No executable implementation bundled,"Pin official source/dependencies, validate license/schema, reproduce paper before enabling"
mscred,research_not_integrated,metric normal/incident windows,No executable implementation bundled,"Pin official source/dependencies, validate license/schema, reproduce paper before enabling"
microrank,research_not_integrated,trace_id/span_id/parent_id + metrics/logs depending on method,No executable implementation bundled,"Pin official source/dependencies, validate license/schema, reproduce paper before enabling"
tracerca,research_not_integrated,trace_id/span_id/parent_id + metrics/logs depending on method,No executable implementation bundled,"Pin official source/dependencies, validate license/schema, reproduce paper before enabling"
mmnsigma,research_not_integrated,multisource/event telemetry + explicit availability,No executable implementation bundled,"Pin official source/dependencies, validate license/schema, reproduce paper before enabling"
mmbaro,research_not_integrated,multisource/event telemetry + explicit availability,No executable implementation bundled,"Pin official source/dependencies, validate license/schema, reproduce paper before enabling"
mmcirca,research_not_integrated,multisource/event telemetry + explicit availability,No executable implementation bundled,"Pin official source/dependencies, validate license/schema, reproduce paper before enabling"
mmrcd,research_not_integrated,multisource/event telemetry + explicit availability,No executable implementation bundled,"Pin official source/dependencies, validate license/schema, reproduce paper before enabling"
torai,research_not_integrated,multisource/event telemetry + explicit availability,No executable implementation bundled,"Pin official source/dependencies, validate license/schema, reproduce paper before enabling"
eventadl,research_not_integrated,multisource/event telemetry + explicit availability,No executable implementation bundled,"Pin official source/dependencies, validate license/schema, reproduce paper before enabling"
pc_pagerank,research_not_integrated,metric normal/incident windows,No executable implementation bundled,"Pin official source/dependencies, validate license/schema, reproduce paper before enabling"
pc_randomwalk,research_not_integrated,metric normal/incident windows,No executable implementation bundled,"Pin official source/dependencies, validate license/schema, reproduce paper before enabling"
fci_pagerank,research_not_integrated,metric normal/incident windows,No executable implementation bundled,"Pin official source/dependencies, validate license/schema, reproduce paper before enabling"
fci_randomwalk,research_not_integrated,metric normal/incident windows,No executable implementation bundled,"Pin official source/dependencies, validate license/schema, reproduce paper before enabling"
ges_pagerank,research_not_integrated,metric normal/incident windows,No executable implementation bundled,"Pin official source/dependencies, validate license/schema, reproduce paper before enabling"
granger_pagerank,research_not_integrated,metric normal/incident windows,No executable implementation bundled,"Pin official source/dependencies, validate license/schema, reproduce paper before enabling"
granger_randomwalk,research_not_integrated,metric normal/incident windows,No executable implementation bundled,"Pin official source/dependencies, validate license/schema, reproduce paper before enabling"
lingam_pagerank,research_not_integrated,metric normal/incident windows,No executable implementation bundled,"Pin official source/dependencies, validate license/schema, reproduce paper before enabling"
lingam_randomwalk,research_not_integrated,metric normal/incident windows,No executable implementation bundled,"Pin official source/dependencies, validate license/schema, reproduce paper before enabling"
micro_diag,research_not_integrated,metric normal/incident windows,No executable implementation bundled,"Pin official source/dependencies, validate license/schema, reproduce paper before enabling"
cmlp_pagerank,research_not_integrated,metric normal/incident windows,No executable implementation bundled,"Pin official source/dependencies, validate license/schema, reproduce paper before enabling"
ntlr_pagerank,research_not_integrated,metric normal/incident windows,No executable implementation bundled,"Pin official source/dependencies, validate license/schema, reproduce paper before enabling"
ntlr_randomwalk,research_not_integrated,metric normal/incident windows,No executable implementation bundled,"Pin official source/dependencies, validate license/schema, reproduce paper before enabling"
MicroRCA,research_not_integrated,metric + reviewed dependency graph,No executable implementation bundled,"Pin official source/dependencies, validate license/schema, reproduce paper before enabling"
DyCause,research_not_integrated,metric normal/incident windows,No executable implementation bundled,"Pin official source/dependencies, validate license/schema, reproduce paper before enabling"
MonitorRank,research_not_integrated,metric + reviewed dependency graph,No executable implementation bundled,"Pin official source/dependencies, validate license/schema, reproduce paper before enabling"
Groot,research_not_integrated,multisource/event telemetry + explicit availability,No executable implementation bundled,"Pin official source/dependencies, validate license/schema, reproduce paper before enabling"
LatentScope,research_not_integrated,metric + reviewed dependency graph,No executable implementation bundled,"Pin official source/dependencies, validate license/schema, reproduce paper before enabling"
PSqueeze,research_not_integrated,metric normal/incident windows,No executable implementation bundled,"Pin official source/dependencies, validate license/schema, reproduce paper before enabling"
DiagFusion,research_not_integrated,trace_id/span_id/parent_id + metrics/logs depending on method,No executable implementation bundled,"Pin official source/dependencies, validate license/schema, reproduce paper before enabling"
DejaVu-Omni,research_not_integrated,metric normal/incident windows,No executable implementation bundled,"Pin official source/dependencies, validate license/schema, reproduce paper before enabling"
Sage,research_not_integrated,metric normal/incident windows,No executable implementation bundled,"Pin official source/dependencies, validate license/schema, reproduce paper before enabling"
PRISM,research_not_integrated,metric normal/incident windows,No executable implementation bundled,"Pin official source/dependencies, validate license/schema, reproduce paper before enabling"
IsolationForest,research_not_integrated,metric normal/incident windows,No executable implementation bundled,"Pin official source/dependencies, validate license/schema, reproduce paper before enabling"
RobustPCA,research_not_integrated,metric normal/incident windows,No executable implementation bundled,"Pin official source/dependencies, validate license/schema, reproduce paper before enabling"
OmniAnomaly,research_not_integrated,metric normal/incident windows,No executable implementation bundled,"Pin official source/dependencies, validate license/schema, reproduce paper before enabling"
TranAD,research_not_integrated,metric normal/incident windows,No executable implementation bundled,"Pin official source/dependencies, validate license/schema, reproduce paper before enabling"
GDN,research_not_integrated,metric normal/incident windows,No executable implementation bundled,"Pin official source/dependencies, validate license/schema, reproduce paper before enabling"
