group,feature,formula,unit,grain,suggested_windows,required_data,BA_question,missing_policy,resource_cost,leakage_risk,status,owner,approved_definition,approved_at
APP,request_rate,"delta(request_counter)/delta(t), handle reset",requests/s,entity + business dimensions + window,1m/5m/15m; confirm cadence and SLO,request_counter + command_name,Counter cumulative? Which commands form a transaction?,missing flag; no implicit zero,low,Không dùng thông tin sau cutoff,PROPOSED_NEEDS_BA_AND_DATA_OWNER,,,
APP,error_ratio,sum(error increments)/sum(request increments),ratio,entity + business dimensions + window,1m/5m/15m; confirm cadence and SLO,approved code taxonomy + counters,Which type/code is technical error vs business rejection?,missing flag; no implicit zero,low,Không dùng thông tin sau cutoff,PROPOSED_NEEDS_BA_AND_DATA_OWNER,,,
APP,timeout_ratio,sum(timeout increments)/sum(request increments),ratio,entity + business dimensions + window,1m/5m/15m; confirm cadence and SLO,request_timeout_counter + requests,Timeout deadline and retry counting?,missing flag; no implicit zero,low,Không dùng thông tin sau cutoff,PROPOSED_NEEDS_BA_AND_DATA_OWNER,,,
APP,drop_ratio,sum(drop increments)/sum(request increments),ratio,entity + business dimensions + window,1m/5m/15m; confirm cadence and SLO,request_drop_counter + requests,Drop before acceptance or after?,missing flag; no implicit zero,low,Không dùng thông tin sau cutoff,PROPOSED_NEEDS_BA_AND_DATA_OWNER,,,
APP,response_request_gap,request rate - response rate aligned for latency,requests/s,entity + business dimensions + window,1m/5m/15m; confirm cadence and SLO,request/response counters,"Async completion, retry and buffering semantics?",missing flag; no implicit zero,low,Không dùng thông tin sau cutoff,PROPOSED_NEEDS_BA_AND_DATA_OWNER,,,
APP,latency_p50_p95_p99,quantile from merged bucket increment counts,ms,entity + business dimensions + window,1m/5m/15m; confirm cadence and SLO,histogram le + bucket counters,"Units, cumulative bucket semantics, success-only latency?",missing flag; no implicit zero,medium; bound dimensions/windows,Không dùng thông tin sau cutoff,PROPOSED_NEEDS_BA_AND_DATA_OWNER,,,
APP,latency_baseline_deviation,current latency vs train/reference time-of-day median,robust z,entity + business dimensions + window,1m/5m/15m; confirm cadence and SLO,latency + reference history,Peak/offpeak calendar and allowed windows?,missing flag; no implicit zero,low,Không dùng thông tin sau cutoff,PROPOSED_NEEDS_BA_AND_DATA_OWNER,,,
APP,exception_burst,error template count per window vs reference,events/s,entity + business dimensions + window,1m/5m/15m; confirm cadence and SLO,log event/arrival timestamps + template,Which messages are symptom vs diagnostic evidence?,missing flag; no implicit zero,low,Không dùng thông tin sau cutoff,PROPOSED_NEEDS_BA_AND_DATA_OWNER,,,
BUSINESS,failure_by_command,error ratio grouped by approved command_name,ratio,entity + business dimensions + window,1m/5m/15m; confirm cadence and SLO,command_name/type/code,What commands and SLAs are critical?,missing flag; no implicit zero,low,Không dùng thông tin sau cutoff,PROPOSED_NEEDS_BA_AND_DATA_OWNER,,,
BUSINESS,charging_rejection_ratio,rejections by BA-approved cause / charging attempts,ratio,entity + business dimensions + window,1m/5m/15m; confirm cadence and SLO,CGW/ABM/PRO codes + attempts,Is BALANCE_NOT_ENOUGH expected business behavior?,missing flag; no implicit zero,low,Không dùng thông tin sau cutoff,PROPOSED_NEEDS_BA_AND_DATA_OWNER,,,
BUSINESS,recurring_result_mix,count by rec_type/rec_error_code / recurring attempts,ratio,entity + business dimensions + window,1m/5m/15m; confirm cadence and SLO,recurring dimensions,Separate accepted recurring business outcomes from technical failure?,missing flag; no implicit zero,low,Không dùng thông tin sau cutoff,PROPOSED_NEEDS_BA_AND_DATA_OWNER,,,
BUSINESS,rating_error_mix,rating_error_code proportions per service type,ratio,entity + business dimensions + window,1m/5m/15m; confirm cadence and SLO,rating_error_code/service_type,Stable dictionary/version for rating codes?,missing flag; no implicit zero,low,Không dùng thông tin sau cutoff,PROPOSED_NEEDS_BA_AND_DATA_OWNER,,,
BUSINESS,affected_transaction_estimate,sum affected requests under approved incident definition,transactions,entity + business dimensions + window,1m/5m/15m; confirm cadence and SLO,request dimensions + incident scope,"Impact measured per request, subscriber or transaction?",missing flag; no implicit zero,low,Không dùng thông tin sau cutoff,PROPOSED_NEEDS_BA_AND_DATA_OWNER,,,
DB,read_write_error_ratio,error increments / (error + success increments),ratio,entity + business dimensions + window,1m/5m/15m; confirm cadence and SLO,Aerospike operation counters,Read/write/delete denominators and retries?,missing flag; no implicit zero,low,Không dùng thông tin sau cutoff,PROPOSED_NEEDS_BA_AND_DATA_OWNER,,,
DB,db_latency_quantiles,histogram quantiles per ns/operation,ms,entity + business dimensions + window,1m/5m/15m; confirm cadence and SLO,Aerospike latency buckets,ns is database namespace; bucket units?,missing flag; no implicit zero,low,Không dùng thông tin sau cutoff,PROPOSED_NEEDS_BA_AND_DATA_OWNER,,,
DB,memory_headroom,memory_free_pct and delta over window,percent,entity + business dimensions + window,1m/5m/15m; confirm cadence and SLO,Aerospike memory_free_pct,Threshold differs per DB namespace?,missing flag; no implicit zero,low,Không dùng thông tin sau cutoff,PROPOSED_NEEDS_BA_AND_DATA_OWNER,,,
DB,stop_writes_duration,duration flag true / observed duration,ratio,entity + business dimensions + window,1m/5m/15m; confirm cadence and SLO,stop_writes + clock_skew_stop_writes,Which flag has precedence and operational impact?,missing flag; no implicit zero,low,Không dùng thông tin sau cutoff,PROPOSED_NEEDS_BA_AND_DATA_OWNER,,,
DB,cluster_size_change,current size - reference expected size,nodes,entity + business dimensions + window,1m/5m/15m; confirm cadence and SLO,cluster size + inventory,Expected planned maintenance vs unplanned shrink?,missing flag; no implicit zero,low,Không dùng thông tin sau cutoff,PROPOSED_NEEDS_BA_AND_DATA_OWNER,,,
DB,xdr_lag_retry,lag level/slope and retry counter rates,source units,entity + business dimensions + window,1m/5m/15m; confirm cadence and SLO,XDR lag/latency/retry/dc,Lag seconds vs latency ms vs lap us; remote DC SLA?,missing flag; no implicit zero,low,Không dùng thông tin sau cutoff,PROPOSED_NEEDS_BA_AND_DATA_OWNER,,,
DB,connection_pressure,connections/approved connection capacity,ratio,entity + business dimensions + window,1m/5m/15m; confirm cadence and SLO,client_connections + opened rate + capacity,Capacity limits and connection pooling behavior?,missing flag; no implicit zero,low,Không dùng thông tin sau cutoff,PROPOSED_NEEDS_BA_AND_DATA_OWNER,,,
CONTAINER,cpu_cores_rate,rate(container_cpu_usage_seconds_total),cores,entity + business dimensions + window,1m/5m/15m; confirm cadence and SLO,CPU seconds counter,Exclude infra/POD/duplicate sidecar series?,missing flag; no implicit zero,low,Không dùng thông tin sau cutoff,PROPOSED_NEEDS_BA_AND_DATA_OWNER,,,
CONTAINER,cpu_quota_ratio,cpu cores / (quota/period),ratio,entity + business dimensions + window,1m/5m/15m; confirm cadence and SLO,cpu usage + quota + period,Handle quota=-1 and missing period?,missing flag; no implicit zero,low,Không dùng thông tin sau cutoff,PROPOSED_NEEDS_BA_AND_DATA_OWNER,,,
CONTAINER,memory_limit_ratio,working set / positive memory limit,ratio,entity + business dimensions + window,1m/5m/15m; confirm cadence and SLO,working_set/RSS/limit,Working set or RSS for this workload; unlimited container?,missing flag; no implicit zero,low,Không dùng thông tin sau cutoff,PROPOSED_NEEDS_BA_AND_DATA_OWNER,,,
CONTAINER,container_io_rate,delta bytes or operations / delta(t),bytes/s or ops/s,entity + business dimensions + window,1m/5m/15m; confirm cadence and SLO,container filesystem counters,Which devices/filesystems actually matter?,missing flag; no implicit zero,low,Không dùng thông tin sau cutoff,PROPOSED_NEEDS_BA_AND_DATA_OWNER,,,
CONTAINER,restart_or_oom_context,count observed restarts/OOM before cutoff,events,entity + business dimensions + window,1m/5m/15m; confirm cadence and SLO,K8s events; not present in current screenshot export,Are event history and timestamps available?,missing flag; no implicit zero,low,Không dùng thông tin sau cutoff,PROPOSED_NEEDS_BA_AND_DATA_OWNER,,,
SERVER,cpu_busy_iowait,1-idle fraction; iowait fraction separately,ratio,entity + business dimensions + window,1m/5m/15m; confirm cadence and SLO,node_cpu_seconds_total by mode/core,Which modes and CPU aggregation exclude duplicate exporters?,missing flag; no implicit zero,low,Không dùng thông tin sau cutoff,PROPOSED_NEEDS_BA_AND_DATA_OWNER,,,
SERVER,memory_available_ratio,MemAvailable / MemTotal,ratio,entity + business dimensions + window,1m/5m/15m; confirm cadence and SLO,node memory gauges,Hardware reservation and approved operational thresholds?,missing flag; no implicit zero,low,Không dùng thông tin sau cutoff,PROPOSED_NEEDS_BA_AND_DATA_OWNER,,,
SERVER,filesystem_free_ratio,free/size by mountpoint/device,ratio,entity + business dimensions + window,1m/5m/15m; confirm cadence and SLO,node filesystem metrics,Exclude tmpfs/overlay/ephemeral mounts?,missing flag; no implicit zero,low,Không dùng thông tin sau cutoff,PROPOSED_NEEDS_BA_AND_DATA_OWNER,,,
SERVER,disk_latency_utilization,read/write time increments / operation increments; IO busy rate,seconds/op; ratio,entity + business dimensions + window,1m/5m/15m; confirm cadence and SLO,node disk counters,Multipath duplicates and zero-operation handling?,missing flag; no implicit zero,low,Không dùng thông tin sau cutoff,PROPOSED_NEEDS_BA_AND_DATA_OWNER,,,
TOPOLOGY,coaffected_pod_fraction,abnormal observed pods / covered pods on same node,ratio,entity + business dimensions + window,1m/5m/15m; confirm cadence and SLO,as-of node-pod inventory + coverage,Expected shared-node interference and candidate level?,missing flag; no implicit zero,low,Không dùng thông tin sau cutoff,PROPOSED_NEEDS_BA_AND_DATA_OWNER,,,
TOPOLOGY,dependency_lag,lagged deviation between caller and dependency,seconds,entity + business dimensions + window,1m/5m/15m; confirm cadence and SLO,as-of graph + synchronized telemetry,Clock skew bounds; correlation is not causality?,missing flag; no implicit zero,medium; bound dimensions/windows,Không dùng thông tin sau cutoff,PROPOSED_NEEDS_BA_AND_DATA_OWNER,,,
TOPOLOGY,recent_config_change,time since authorized event before cutoff,seconds,entity + business dimensions + window,1m/5m/15m; confirm cadence and SLO,ConfigMap/deployment/LCM history,Can change arrival time be reconstructed?,missing flag; no implicit zero,low,Không dùng thông tin sau cutoff,PROPOSED_NEEDS_BA_AND_DATA_OWNER,,,
NETWORK,endpoint_failures,error/timeout by service endpoint or port,ratio,entity + business dimensions + window,1m/5m/15m; confirm cadence and SLO,service/endpoint mapping + call observations,Same node IP multiple ports: which service and targetPort?,missing flag; no implicit zero,low,Không dùng thông tin sau cutoff,PROPOSED_NEEDS_BA_AND_DATA_OWNER,,,
DQ,coverage_and_lag,observed/expected observations; arrival-event delay,ratio; seconds,entity + business dimensions + window,1m/5m/15m; confirm cadence and SLO,native cadence + arrival times,Telemetry loss vs zero activity and retention policy?,missing flag; no implicit zero,low,Không dùng thông tin sau cutoff,PROPOSED_NEEDS_BA_AND_DATA_OWNER,,,
DQ,counter_reset_and_flatline,count reset; repeat runs adjusted for metric kind,count; duration,entity + business dimensions + window,1m/5m/15m; confirm cadence and SLO,raw series + scrape metadata,"Expected counter restarts, constant flags and exporter silence?",missing flag; no implicit zero,low,Không dùng thông tin sau cutoff,PROPOSED_NEEDS_BA_AND_DATA_OWNER,,,
LABEL,label_confidence_audit,coverage/age/disagreement by incident cohort,audit only,entity + business dimensions + window,1m/5m/15m; confirm cadence and SLO,review source/status/confidence + versions,Who adjudicates root vs symptom and who approves Gold labels?,missing flag; no implicit zero,low,DO NOT INCLUDE IN MODEL X; audit only,PROPOSED_NEEDS_BA_AND_DATA_OWNER,,,
