algorithm,seed,precision,recall,f1,ap,tp,fp,fn,n_windows,scope,false_alarms_per_hour,detection_delay_seconds,inference_seconds,threshold
stat_mad,42,1.0,0.9166666666666666,0.9565217391304348,1.0,11,0,1,24,sampled incident/control windows; not continuous event detection,,,2.589996438473463e-05,36.64291312441004
stat_mad,123,1.0,0.9166666666666666,0.9565217391304348,1.0,11,0,1,24,sampled incident/control windows; not continuous event detection,,,8.359993807971478e-05,36.64291312441004
stat_mean_robust_z,42,1.0,1.0,1.0,1.0,12,0,0,24,sampled incident/control windows; not continuous event detection,,,3.699993249028921e-05,7.042459138273642
stat_mean_robust_z,123,1.0,1.0,1.0,1.0,12,0,0,24,sampled incident/control windows; not continuous event detection,,,4.2199972085654736e-05,7.042459138273642
ml_logistic,42,1.0,1.0,1.0,1.0,12,0,0,24,sampled incident/control windows; not continuous event detection,,,3.3400021493434906e-05,0.3944477109915393
ml_logistic,123,1.0,1.0,1.0,1.0,12,0,0,24,sampled incident/control windows; not continuous event detection,,,9.450002107769251e-05,0.8420256814847997
ml_pca,42,1.0,0.9166666666666666,0.9565217391304348,1.0,11,0,1,24,sampled incident/control windows; not continuous event detection,,,4.539999645203352e-05,82.27720370575608
ml_pca,123,1.0,0.9166666666666666,0.9565217391304348,1.0,11,0,1,24,sampled incident/control windows; not continuous event detection,,,0.0002226999495178461,82.27720370575608
dl_mlp,42,1.0,1.0,1.0,1.0,12,0,0,24,sampled incident/control windows; not continuous event detection,,,4.39999857917428e-05,0.9665068400549155
dl_mlp,123,1.0,1.0,1.0,1.0,12,0,0,24,sampled incident/control windows; not continuous event detection,,,0.00019920000340789557,0.9867083614959429
dl_autoencoder,42,1.0,0.9166666666666666,0.9565217391304348,1.0,11,0,1,24,sampled incident/control windows; not continuous event detection,,,0.0002440999960526824,88.32428652005862
dl_autoencoder,123,1.0,0.8333333333333334,0.9090909090909091,1.0,10,0,2,24,sampled incident/control windows; not continuous event detection,,,0.000174800050444901,88.70856610548724
